customer_id,signup_date,city,loyalty_member
C1,2025-12-10,Lisaton,0
C2,2025-09-01,Port Brandonport,0
C3,2025-11-11,South Patrickland,0
C4,2026-02-03,Dillonton,0
C5,2025-11-11,South Peter,0
C6,2025-09-27,East Angelica,1
C7,2025-03-24,South Anna,0
C8,2024-04-10,Samueltown,0
C9,2025-02-17,New Mistystad,1
C10,2024-10-22,Lake Jenniferburgh,1
C11,2026-01-15,Joelborough,0
C12,2025-11-11,Justinland,0
C13,2024-09-04,Anneburgh,1
C14,2024-10-24,North Jessicabury,0
C15,2025-06-04,Sparkstown,1
C16,2025-04-23,Derekburgh,1
C17,2025-07-18,East Jennifer,0
C18,2024-09-24,New George,0
C19,2024-07-01,Victoriafurt,0
C20,2025-08-01,North Antonio,1
C21,2025-07-27,East Gregory,1
C22,2025-11-17,Haleyton,1
C23,2025-08-01,New Kara,1
C24,2024-08-02,Dominguezbury,1
C25,2024-07-13,Port Craig,0
C26,2024-07-29,Lake Bonnieton,0
C27,2024-07-13,South Cynthia,0
C28,2024-11-11,East Jacquelinechester,1
C29,2024-03-26,Lake Tylerland,1
C30,2026-01-15,Hoffmanton,0
C31,2024-11-16,North Jeffreychester,0
C32,2025-11-17,North Kelly,0
C33,2025-06-18,Humphreyhaven,0
C34,2025-08-12,Port Allen,1
C35,2025-04-13,East Deniseborough,0
C36,2024-12-29,Colinport,1
C37,2026-02-09,South Derekfort,0
C38,2025-05-13,South Lisaview,1
C39,2026-02-14,Brownmouth,1
C40,2025-02-04,New Anne,0
C41,2025-03-24,South Megan,0
C42,2025-05-20,East Marybury,1
C43,2025-03-03,Janetmouth,0
C44,2025-12-12,New Kayleehaven,0
C45,2024-07-13,New Christine,0
C46,2025-05-05,Christopherfurt,0
C47,2024-11-27,New James,0
C48,2025-03-03,Hoffmanland,0
C49,2025-06-15,Hollandport,1
C50,2025-11-30,Lake Donaldtown,1
C51,2025-02-02,East Lindabury,1
C52,2025-01-26,Lake Brandonburgh,0
C53,2026-01-14,Port Heather,1
C54,2025-09-20,Andersonview,0
C55,2025-07-06,Lake Robert,0
C56,2025-09-14,Josephtown,1
C57,2024-07-25,Phillipschester,0
C58,2025-07-12,Reyesville,1
C59,2025-03-06,Lake Robertborough,1
C60,2025-01-16,New Edwardside,1
C61,2024-06-17,North Alberttown,1
C62,2025-10-07,Kramertown,1
C63,2025-12-03,North Amanda,1
C64,2025-09-26,Nicholasbury,0
C65,2025-07-06,Daviston,0
C66,2025-06-08,Jorgeborough,1
C67,2024-11-26,Powellhaven,0
C68,2025-08-13,Jodiport,0
C69,2024-10-08,Baileyberg,0
C70,2024-08-26,West Cynthia,1
C71,2025-04-13,North Brenda,0
C72,2025-07-13,Stevenchester,0
C73,2024-08-28,East Oliviaton,1
C74,2025-04-14,Tuckertown,0
C75,2025-07-22,North Williamport,0
C76,2025-11-20,Lake Erin,0
C77,2025-02-08,Port Robert,0
C78,2024-09-21,West Rebecca,0
C79,2025-03-19,Port Matthew,0
C80,2025-08-16,Ginafurt,0
C81,2024-05-05,East Shane,1
C82,2024-03-11,Salasshire,0
C83,2025-08-22,Richardbury,0
C84,2025-03-03,North Robertburgh,0
C85,2024-06-21,Tracystad,0
C86,2026-01-31,Kristinport,1
C87,2024-03-16,Hermanborough,1
C88,2025-11-26,Hoffmanville,1
C89,2024-12-01,Jeremyview,0
C90,2025-10-15,Morrowburgh,1
C91,2024-09-18,Amandaton,0
C92,2024-07-10,South Eddie,1
C93,2024-09-06,North Paul,1
C94,2024-10-02,East Brenda,0
C95,2024-12-21,Lake Brian,1
C96,2024-10-26,South Tyler,1
C97,2025-09-16,Smithburgh,1
C98,2024-11-17,Lake Frederick,0
C99,2024-08-26,Michelleburgh,0
C100,2025-02-07,East Jerrymouth,1
C101,2024-03-30,West Keith,0
C102,2024-02-28,Figueroafort,0
C103,2026-02-19,East Edwardfort,0
C104,2024-05-03,Port Michellemouth,1
C105,2024-10-05,Francomouth,0
C106,2025-08-24,East Billy,1
C107,2025-06-21,North Kimberly,0
C108,2025-10-15,Patriciahaven,0
C109,2024-05-23,Austinville,1
C110,2024-04-08,West Cynthia,1
C111,2026-02-06,Frankmouth,0
C112,2025-04-22,Simpsonport,1
C113,2025-12-02,Kimberlyfort,1
C114,2024-10-06,Julieville,0
C115,2024-11-21,Kathyville,1
C116,2025-08-21,West Lori,0
C117,2024-08-18,South David,0
C118,2025-07-24,East Erin,1
C119,2024-07-27,New Meghan,0
C120,2026-01-17,Jamesfort,0
C121,2026-01-16,Rangelton,0
C122,2025-04-08,Barrettmouth,1
C123,2025-10-17,West Cheryl,1
C124,2025-08-10,Jaclynborough,0
C125,2024-05-13,Daniellefort,1
C126,2024-10-18,South Coreystad,0
C127,2024-08-08,Jenniferbury,1
C128,2024-12-14,West Johnhaven,1
C129,2026-01-08,Joshualand,1
C130,2024-10-28,Anthonymouth,0
C131,2025-08-16,East Henryville,0
C132,2025-09-13,South Brandonview,1
C133,2025-11-20,East Diane,1
C134,2024-10-19,Lake Evelynmouth,0
C135,2024-03-29,South Erin,0
C136,2025-05-07,Robertstad,1
C137,2024-10-19,New Micheal,0
C138,2024-05-15,East Sara,1
C139,2025-07-24,Amandashire,0
C140,2024-07-07,Lake Amybury,1
C141,2025-01-12,South Brandonberg,1
C142,2024-06-08,Brandonfurt,0
C143,2025-02-14,North Jeffreyshire,0
C144,2026-01-16,North Brandonbury,0
C145,2025-09-19,Weissstad,0
C146,2025-04-25,Port Dennisport,0
C147,2024-05-08,West Martha,1
C148,2024-03-22,New Michael,0
C149,2024-08-29,North Nancy,1
C150,2025-05-25,Millerview,0
C151,2025-08-30,Deborahmouth,0
C152,2024-11-05,Atkinsstad,1
C153,2025-01-18,Wardshire,1
C154,2024-08-13,Moorehaven,0
C155,2025-03-08,Gayview,1
C156,2025-11-27,West Jillfurt,0
C157,2025-11-22,New Roberta,0
C158,2024-11-11,New Desiree,0
C159,2024-11-11,Hamiltonport,1
C160,2024-08-06,Baldwinport,1
C161,2024-04-20,South Jillmouth,0
C162,2025-09-07,Burchstad,0
C163,2024-07-07,West Jessica,0
C164,2024-08-14,Bakerberg,0
C165,2024-06-26,North Michellemouth,1
C166,2025-04-22,Stephenland,0
C167,2024-03-14,Lake Richardport,0
C168,2024-06-23,Cynthiamouth,1
C169,2024-05-11,Oconnorshire,1
C170,2024-12-02,Andersonport,0
C171,2025-03-07,Josephport,1
C172,2025-06-16,South Rhonda,0
C173,2025-11-04,Port Natasha,0
C174,2024-08-04,Susanmouth,1
C175,2024-05-03,Lauraton,0
C176,2024-03-24,North Thomas,1
C177,2025-04-20,Dylanfort,0
C178,2025-12-10,Lisaville,0
C179,2025-12-16,Gavinbury,1
C180,2024-12-01,Garciaburgh,1
C181,2024-09-26,Lake William,1
C182,2024-06-02,Williammouth,0
C183,2024-05-11,Brownville,0
C184,2025-01-27,Gouldborough,0
C185,2024-03-09,Colleenport,0
C186,2025-12-16,Mariaton,1
C187,2024-12-05,Millsbury,1
C188,2025-07-11,Port Jennifer,1
C189,2026-01-22,South Shannonborough,0
C190,2024-07-30,Ernestland,1
C191,2024-07-20,Jonathanberg,1
C192,2025-08-10,Port Donna,1
C193,2025-01-18,East Andrewtown,1
C194,2026-02-17,North Angela,0
C195,2025-06-12,Johnstad,0
C196,2024-12-12,Christensenfort,1
C197,2025-12-24,East Sarahtown,0
C198,2024-10-19,Port Tiffanyfurt,1
C199,2025-05-12,South Adam,0
C200,2025-02-04,Lake Crystalchester,0
C201,2025-10-31,Thomasbury,1
C202,2025-03-21,Jeffreyland,1
C203,2024-09-07,North Maureenstad,1
C204,2025-12-16,North Luischester,1
C205,2025-04-12,Cohenview,0
C206,2025-01-25,Colonshire,1
C207,2025-01-13,Port Kimberlymouth,0
C208,2024-05-22,Alejandrofort,1
C209,2025-08-05,Hebertbury,0
C210,2025-12-15,New Jessicaview,1
C211,2024-04-13,Brownside,0
C212,2025-12-14,East Tara,0
C213,2025-07-30,Michelleburgh,1
C214,2025-02-26,Gregorystad,1
C215,2025-04-05,Lake Juliemouth,0
C216,2025-08-04,Davidfort,1
C217,2025-09-04,Johnsonbury,1
C218,2024-04-01,Morrowfurt,0
C219,2025-04-10,Davidshire,1
C220,2024-08-29,North Dominique,1
C221,2024-08-05,New Jamesview,1
C222,2026-02-18,North Sheila,1
C223,2024-09-11,Brownport,1
C224,2025-06-07,North Michealland,1
C225,2026-01-25,North Robertmouth,0
C226,2024-07-02,Shelleyside,0
C227,2025-05-26,East Reginald,1
C228,2024-12-27,West Kevinberg,1
C229,2026-01-28,North Mark,0
C230,2025-05-14,Lindaberg,1
C231,2024-12-02,Port Joshuaton,1
C232,2025-03-06,New Jaredborough,0
C233,2025-10-19,Isaacberg,1
C234,2025-10-06,Chenfort,1
C235,2024-08-18,Phillipsborough,0
C236,2025-11-08,East Matthewchester,1
C237,2025-08-24,Beckermouth,1
C238,2024-07-11,West Bryan,1
C239,2024-10-28,West Hollyburgh,1
C240,2024-12-08,Comptonton,1
C241,2025-03-12,New Zacharymouth,0
C242,2024-12-12,Anthonyfurt,1
C243,2024-05-29,West Aaron,0
C244,2025-05-31,North Frederickville,0
C245,2025-07-25,Marychester,1
C246,2026-01-21,West Michael,1
C247,2025-03-13,Richardland,0
C248,2024-06-19,North Shelley,0
C249,2024-08-01,New Shawnside,1
C250,2025-08-04,Sosaborough,0
C251,2025-06-23,Lake Peterview,0
C252,2025-02-20,Maryton,0
C253,2025-09-17,Millerfurt,0
C254,2025-08-15,Port Kelly,0
C255,2024-04-19,Gallaghermouth,0
C256,2025-04-17,North Steven,1
C257,2024-10-21,Wolfbury,0
C258,2024-05-18,Port Randall,1
C259,2025-04-04,Deckershire,1
C260,2024-08-01,Berryberg,0
C261,2025-07-03,Saundersstad,1
C262,2024-05-21,Andersonshire,1
C263,2026-02-11,North Christopher,1
C264,2025-09-20,New Bethanyfort,0
C265,2024-03-07,Rogersmouth,0
C266,2025-11-07,Alanmouth,0
C267,2024-03-12,Lake Jason,0
C268,2025-03-24,South Joshuabury,1
C269,2024-05-27,New Georgeberg,0
C270,2025-05-21,Smithville,0
C271,2025-02-22,Robertsonville,1
C272,2024-10-27,South Jaclynville,0
C273,2025-12-14,Valerieshire,0
C274,2024-07-01,Rodneybury,0
C275,2024-10-10,Banksfurt,1
C276,2025-01-09,South Carolinetown,0
C277,2025-06-14,Boyerborough,1
C278,2024-08-09,Juareztown,1
C279,2025-08-07,Amyborough,1
C280,2025-06-22,East Carlosmouth,1
C281,2024-04-07,East Ashleyville,1
C282,2025-04-06,Port William,0
C283,2024-10-11,East Elizabethland,1
C284,2024-09-19,West Victoria,1
C285,2024-07-01,Port Jerry,1
C286,2025-12-10,New Jamestown,0
C287,2025-05-23,Port Roger,1
C288,2024-07-08,Michelleshire,1
C289,2024-08-23,Nicolebury,0
C290,2024-11-01,West Brookeville,1
C291,2024-11-27,East Conniefort,1
C292,2025-05-11,New Peter,0
C293,2025-02-10,Williamsville,1
C294,2026-02-21,Lake Joelberg,0
C295,2025-01-27,Port Thomas,1
C296,2024-10-20,Dyerburgh,1
C297,2024-03-24,New Jameschester,1
C298,2026-02-22,East Samanthatown,0
C299,2024-12-17,Jameston,0
C300,2026-02-09,Lake Amanda,0
C301,2026-02-12,North Amanda,0
C302,2025-06-16,Travisfurt,1
C303,2025-04-16,Williamsland,0
C304,2024-06-15,Lake Matthew,0
C305,2024-10-15,Colleenport,0
C306,2024-04-25,South Mary,1
C307,2024-12-23,Port James,1
C308,2024-05-24,East Alan,1
C309,2026-02-10,Trevorhaven,1
C310,2025-04-19,East Jeff,1
C311,2024-08-31,Josephmouth,0
C312,2025-10-12,North Michaeltown,0
C313,2025-03-07,Lake Nicoleview,1
C314,2024-11-09,East Cynthiahaven,1
C315,2025-11-01,Lake Sandrabury,0
C316,2025-06-12,Daystad,1
C317,2026-01-03,Lake Traceyhaven,1
C318,2024-05-20,Robertfort,0
C319,2024-04-12,North Sharonborough,1
C320,2025-06-06,East Shari,1
C321,2024-12-28,Washingtonville,1
C322,2025-01-09,Brandonburgh,1
C323,2024-03-25,Cookport,0
C324,2024-04-16,Cameronberg,1
C325,2024-09-17,West Virginia,0
C326,2024-03-30,Robertborough,1
C327,2025-12-23,New Robertberg,1
C328,2025-10-22,North Laurie,1
C329,2025-10-03,Johnsonville,0
C330,2025-12-16,West Ryan,1
C331,2025-03-25,South Daniel,1
C332,2024-11-15,South Tiffany,1
C333,2026-01-17,Lake Elizabeth,0
C334,2024-04-17,Port Jacob,1
C335,2025-04-22,North Nicoleburgh,0
C336,2024-10-28,Russoberg,0
C337,2024-03-06,South Joseshire,1
C338,2024-08-23,South Justin,0
C339,2024-08-07,Karenview,0
C340,2024-11-29,Hernandezmouth,1
C341,2026-01-11,West Autumn,0
C342,2024-05-04,South Benjaminmouth,1
C343,2025-04-08,North Shannon,0
C344,2024-09-11,South Julie,0
C345,2025-09-15,Meganton,1
C346,2025-01-15,Lake Brendachester,1
C347,2025-06-19,Ariasside,1
C348,2025-08-27,Millerborough,0
C349,2025-08-26,Jessicaborough,1
C350,2025-09-28,Craigport,1
C351,2025-07-23,New Roger,1
C352,2024-05-26,Lake Carlmouth,1
C353,2025-07-11,Paulberg,1
C354,2026-01-24,Meghanfort,1
C355,2024-08-31,Lake Maria,1
C356,2024-03-06,East Sarah,0
C357,2024-03-27,Melissachester,1
C358,2024-03-03,East Brettberg,0
C359,2024-07-13,East Susanport,0
C360,2025-04-02,Nelsonton,1
C361,2025-07-30,North Lisaborough,0
C362,2025-09-24,Alexandriabury,0
C363,2024-04-04,East Mollyshire,0
C364,2024-08-31,East James,0
C365,2025-06-23,Johnsonborough,0
C366,2025-08-01,Bellview,0
C367,2024-07-13,Richardborough,0
C368,2025-10-22,New Brianbury,0
C369,2024-09-21,Maynardstad,0
C370,2024-02-27,Lawsonburgh,0
C371,2025-01-20,Lake Tonyafurt,1
C372,2024-05-23,East Tim,0
C373,2025-11-27,South Beth,0
C374,2026-01-15,Briggsfurt,1
C375,2025-12-21,Deniseburgh,1
C376,2024-04-18,Madisontown,1
C377,2024-09-29,Susanhaven,0
C378,2025-05-11,Huertachester,0
C379,2025-06-24,South Amanda,0
C380,2024-07-30,Amberton,1
C381,2024-09-01,Lake Christopherview,0
C382,2024-04-21,Earlchester,0
C383,2024-07-23,Davisborough,1
C384,2024-10-17,Goldenville,1
C385,2026-01-05,Evansberg,1
C386,2025-03-29,Kirkside,0
C387,2024-06-10,Lake Heather,0
C388,2024-04-25,Davidshire,0
C389,2024-09-09,Meyerbury,0
C390,2024-03-22,East Jayfurt,1
C391,2024-06-10,New Cynthiaview,0
C392,2024-08-31,South Joseberg,0
C393,2025-10-03,East Julian,1
C394,2025-07-15,North Christinatown,1
C395,2025-11-17,Vegaborough,1
C396,2025-08-01,Schroedermouth,0
C397,2025-08-20,Johnsonfort,1
C398,2025-01-06,Allisonville,0
C399,2024-03-24,West Kenneth,1
C400,2025-05-10,East Davidland,1
C401,2025-11-08,West Chelseaport,0
C402,2025-05-20,East Maureen,1
C403,2024-10-31,Downsmouth,1
C404,2024-05-20,Lake Michael,1
C405,2024-06-14,South Gary,0
C406,2024-06-24,Pricestad,1
C407,2025-10-18,Powellmouth,0
C408,2025-10-17,West Sarahtown,1
C409,2026-01-19,Hectorborough,1
C410,2025-09-30,South Dennis,1
C411,2024-04-12,Emilyland,1
C412,2024-11-17,Breannaberg,1
C413,2025-06-03,South Annahaven,1
C414,2024-09-26,North Gary,0
C415,2025-10-10,Lake Sheila,0
C416,2024-09-05,New Ashleyview,1
C417,2025-11-19,Laneshire,1
C418,2025-07-01,East Nicole,0
C419,2025-06-04,Kristaland,1
C420,2024-12-31,South Francisco,1
C421,2025-02-14,Port Brian,1
C422,2024-08-06,Lake Josephstad,0
C423,2026-01-03,South Johnstad,1
C424,2025-05-05,West Chris,1
C425,2025-04-16,Amberborough,0
C426,2024-03-21,Nicolemouth,1
C427,2024-10-24,Johnhaven,0
C428,2024-04-25,East Stephenshire,1
C429,2025-07-06,Danielsmouth,1
C430,2025-05-14,Johnsontown,1
C431,2025-11-17,Lake Sethview,1
C432,2025-08-13,Cindyside,1
C433,2024-08-17,West Sherryview,0
C434,2025-10-06,New Priscillaside,0
C435,2024-03-07,Robertberg,0
C436,2025-01-28,Reedchester,0
C437,2026-01-30,Stevenfurt,1
C438,2024-06-19,Port Joan,1
C439,2025-09-17,Simmonsberg,0
C440,2025-02-03,Fostermouth,1
C441,2025-11-14,Port Sean,1
C442,2025-02-02,Michellefort,1
C443,2025-09-27,Port Davidborough,0
C444,2025-11-10,Goodwinhaven,0
C445,2026-02-09,Richardhaven,1
C446,2024-12-31,Amandamouth,0
C447,2024-06-30,North Brittany,1
C448,2025-06-18,Mcgrathton,0
C449,2025-06-18,Stevenburgh,1
C450,2025-03-22,East Charlenefort,1
C451,2025-11-18,Angelashire,1
C452,2026-02-23,Lake Elizabeth,1
C453,2024-06-26,Christopherview,1
C454,2025-10-28,Jenningsland,1
C455,2025-07-05,Port John,1
C456,2025-11-29,Port Scottmouth,1
C457,2025-11-04,North Holly,1
C458,2024-12-18,Lake Elainestad,1
C459,2024-12-31,South Brandon,1
C460,2024-10-05,Lake Jacobport,0
C461,2024-10-20,West Richardtown,0
C462,2024-12-25,North Louis,0
C463,2025-05-04,Lake Matthew,1
C464,2025-10-03,West Haroldmouth,0
C465,2024-07-21,Lake Dwayneton,0
C466,2025-03-29,Velezchester,0
C467,2024-04-13,Debrafort,0
C468,2024-06-26,West Davidhaven,1
C469,2024-11-01,East Charles,1
C470,2025-12-15,Karenbury,1
C471,2025-04-19,West Seanview,0
C472,2024-12-20,Robersonberg,0
C473,2024-09-08,West Shawn,1
C474,2024-06-17,South Jose,0
C475,2025-03-05,West Jamesland,1
C476,2025-05-30,West Cody,0
C477,2025-12-11,Edwinmouth,1
C478,2024-09-07,Davisfurt,0
C479,2025-11-12,Davidberg,0
C480,2024-03-21,Tiffanyside,1
C481,2026-02-03,Port Dustinchester,0
C482,2025-12-22,New Anthony,0
C483,2024-03-06,Jeffreyview,1
C484,2025-02-12,Jackburgh,0
C485,2024-04-13,South Lisahaven,1
C486,2025-04-03,Lake Anne,0
C487,2024-04-02,Davisberg,0
C488,2025-12-13,Stephanieberg,1
C489,2025-01-27,Riddleberg,1
C490,2024-11-24,West Johnhaven,1
C491,2024-12-10,North Pamelafurt,1
C492,2024-06-13,Richardberg,1
C493,2025-02-11,South John,0
C494,2025-07-17,Walkertown,0
C495,2025-11-10,Lake Francis,1
C496,2025-12-17,Raymondbury,1
C497,2024-10-03,Michaelbury,0
C498,2024-08-30,South Lydia,0
C499,2024-05-05,Fergusonmouth,1
C500,2025-01-21,Brittanyside,1
C501,2025-09-16,Mendozaburgh,0
C502,2024-12-02,Port Matthewburgh,0
C503,2024-12-22,East Michaelview,0
C504,2025-09-15,Aguilarburgh,0
C505,2025-07-21,East Michael,1
C506,2025-05-22,West Michelle,0
C507,2025-01-25,North Dawnbury,0
C508,2025-07-25,North Amy,0
C509,2025-09-17,Rosemouth,1
C510,2024-10-24,North Melanie,0
C511,2024-11-23,West Maryfurt,1
C512,2024-11-01,Brentland,1
C513,2026-01-27,Jeffreyfort,1
C514,2025-07-01,North Jamesville,1
C515,2025-07-23,East Dominicshire,1
C516,2024-06-19,Robertton,1
C517,2025-04-19,Port Davidland,0
C518,2025-07-03,East Carl,0
C519,2024-05-23,West Tammy,0
C520,2024-05-05,North Johnchester,0
C521,2024-09-28,New Paul,1
C522,2024-10-12,Matthewhaven,0
C523,2025-08-22,Delgadostad,0
C524,2025-06-07,South Lauren,0
C525,2025-01-17,East Anthonytown,0
C526,2024-08-09,Wilkersonfurt,0
C527,2025-04-17,Port Deniseville,0
C528,2024-12-26,Port Sheilahaven,0
C529,2026-01-10,East Teresa,1
C530,2025-08-05,East Christopher,1
C531,2024-06-01,New Erin,1
C532,2025-03-02,Nancytown,1
C533,2024-09-18,Lake Melissa,0
C534,2024-12-13,Sheltonstad,0
C535,2024-08-10,New Alexandermouth,1
C536,2025-10-07,East Tammyhaven,1
C537,2025-09-08,South Joshuaview,1
C538,2024-04-30,South Deanna,0
C539,2025-10-11,Johnton,0
C540,2025-07-27,Jeffreyfurt,1
C541,2025-11-29,South Karafurt,0
C542,2025-06-02,New Oscar,1
C543,2025-05-29,Port Dana,0
C544,2024-05-11,Patriciamouth,0
C545,2025-04-23,Lake Carolynstad,0
C546,2024-10-22,Phillipsberg,1
C547,2025-12-16,Webstermouth,0
C548,2025-06-28,Kochtown,0
C549,2024-05-27,Jonathanchester,0
C550,2024-07-19,Nathanielfurt,0
C551,2025-05-21,Snyderfurt,1
C552,2024-03-22,North Kendraview,1
C553,2025-02-19,Grayborough,1
C554,2024-11-18,East Marissa,0
C555,2024-07-08,Johnmouth,1
C556,2024-09-10,Whiteheadville,1
C557,2025-12-28,Port Ernestshire,1
C558,2024-10-10,West Monica,1
C559,2024-09-26,Williamsmouth,1
C560,2025-07-22,Hunterport,1
C561,2024-06-30,West Tyler,0
C562,2024-10-01,Rayside,0
C563,2025-09-28,Dennismouth,1
C564,2024-11-09,Carolchester,1
C565,2025-10-28,North Keith,1
C566,2025-03-30,Parkerland,0
C567,2024-03-30,New Scottshire,0
C568,2025-11-16,Carolynbury,0
C569,2024-07-12,Ramosshire,0
C570,2025-10-08,North Michelleton,1
C571,2024-07-18,West Oscarville,0
C572,2024-09-26,Lake Deborahbury,0
C573,2026-01-02,Michaelmouth,1
C574,2025-04-01,Suttonport,1
C575,2026-01-19,Pamelastad,1
C576,2025-11-12,Carolynburgh,0
C577,2024-03-17,Elizabethville,1
C578,2025-04-26,East Maryside,1
C579,2025-04-21,North Patriciafort,0
C580,2025-07-29,West Adrianland,1
C581,2026-02-09,Lake Steventown,1
C582,2024-05-04,Zimmermanborough,1
C583,2025-03-15,New Ronaldview,1
C584,2024-07-20,Lake Angelaburgh,1
C585,2025-12-14,Scottville,0
C586,2025-06-18,Patricktown,0
C587,2025-03-07,Port Amber,1
C588,2025-12-08,West Jacobberg,1
C589,2025-06-19,Lake Michaelstad,1
C590,2025-12-14,Port Codystad,1
C591,2024-05-24,Kathryntown,1
C592,2025-12-12,Russellmouth,0
C593,2024-08-16,Port Jeffrey,1
C594,2024-06-09,Lake Reginamouth,0
C595,2024-10-16,Christinetown,1
C596,2024-04-17,Dunnport,1
C597,2026-02-13,Fischerton,1
C598,2025-05-25,West Rebecca,0
C599,2024-05-10,North Amandaborough,1
C600,2024-09-29,Jordanview,0
C601,2025-01-25,Holtmouth,1
C602,2024-04-26,Chenburgh,1
C603,2024-08-01,Steventon,0
C604,2025-01-31,Campostown,0
C605,2024-05-15,West Colin,1
C606,2024-06-02,East Jamesfurt,1
C607,2025-08-16,Cabreraside,1
C608,2024-10-02,Shermanside,0
C609,2025-06-05,Emmaside,0
C610,2025-10-20,Bensonfurt,1
C611,2026-02-20,Waynebury,0
C612,2024-09-22,North Penny,1
C613,2025-07-16,East Elizabeth,1
C614,2025-11-22,Williamsberg,1
C615,2025-01-20,Port Walterside,0
C616,2025-09-16,New Mary,0
C617,2025-03-16,Allenfurt,0
C618,2025-04-29,Michaelview,0
C619,2025-03-22,East Kevinport,1
C620,2025-08-06,East Paulfort,0
C621,2024-08-24,Woodwardbury,1
C622,2024-06-01,Baileyhaven,0
C623,2025-08-01,East Nathanborough,0
C624,2024-12-11,Cummingsfort,0
C625,2025-11-29,Alexanderfort,1
C626,2025-07-02,New Javier,0
C627,2024-12-17,Lake Christopher,0
C628,2024-12-02,Schmidtside,1
C629,2024-06-20,Braunton,1
C630,2025-03-07,Port Bonnie,1
C631,2024-08-08,Timothymouth,1
C632,2025-09-19,Port Laura,1
C633,2025-10-05,West Tonya,1
C634,2024-06-17,Christopherview,0
C635,2025-09-13,Davidton,1
C636,2025-01-11,Kennedyville,0
C637,2024-09-05,South Jack,1
C638,2024-12-05,Port Jodifurt,0
C639,2024-12-03,Port Tina,0
C640,2024-03-28,Davidburgh,0
C641,2025-06-14,Ramirezmouth,1
C642,2025-02-06,East Elizabeth,1
C643,2024-11-30,South Marvinside,1
C644,2025-04-14,Lorimouth,1
C645,2024-07-30,Roseside,0
C646,2025-05-18,New Sherylburgh,1
C647,2024-10-15,Brennanberg,1
C648,2025-12-26,Lake Crystal,1
C649,2025-03-05,East Meredith,0
C650,2026-01-24,South Cassandraport,1
C651,2024-11-26,Ryanville,1
C652,2026-02-12,Sarahbury,1
C653,2024-08-03,Valdezton,1
C654,2024-09-03,Thomasfurt,1
C655,2025-05-18,Thomashaven,1
C656,2026-02-13,Port Jacobborough,1
C657,2024-03-16,South Katherineberg,0
C658,2024-04-10,North Karina,0
C659,2025-07-08,Fergusonstad,1
C660,2025-12-30,Mariaton,0
C661,2024-06-21,North Christina,1
C662,2025-11-25,Port Patricia,0
C663,2024-04-25,Watersstad,1
C664,2025-01-01,Andreahaven,1
C665,2026-01-25,Caseport,1
C666,2025-02-08,West Sabrinafurt,1
C667,2024-03-11,West Thomas,0
C668,2026-02-24,Rossport,1
C669,2025-02-21,Juliemouth,0
C670,2025-09-30,Port Katherineton,0
C671,2025-05-14,Jasonberg,1
C672,2025-09-24,Kimberlymouth,0
C673,2025-08-08,Hessberg,1
C674,2025-01-23,East Kellichester,0
C675,2025-11-15,Johnburgh,1
C676,2024-05-08,Port Brittany,0
C677,2024-09-03,East Jonhaven,0
C678,2024-06-04,Carrview,1
C679,2026-01-03,Port Scottburgh,0
C680,2024-06-10,Huntshire,0
C681,2024-09-12,Lake Heatherton,1
C682,2024-06-15,Hernandezborough,1
C683,2024-06-07,Nathanielton,1
C684,2024-08-22,West Brooke,1
C685,2025-11-30,Rogersberg,0
C686,2024-05-17,Roymouth,1
C687,2025-12-18,Port Meredithberg,1
C688,2025-10-22,Jamesfurt,1
C689,2024-12-05,Brownberg,1
C690,2025-04-06,South Codyside,0
C691,2025-09-29,Lake Michelle,0
C692,2025-02-09,Gallegosstad,0
C693,2024-05-19,Juliachester,1
C694,2024-11-02,Port Carlostown,0
C695,2025-01-05,Lake Mark,0
C696,2024-07-13,Loriport,1
C697,2025-10-16,Williamport,0
C698,2024-05-23,Josephberg,0
C699,2025-04-06,Rodriguezmouth,1
C700,2025-01-31,New Erika,0
C701,2024-03-26,North Evanburgh,1
C702,2025-08-18,Guerrabury,0
C703,2024-04-13,Port Pamela,0
C704,2024-06-20,South Ashleyhaven,1
C705,2024-05-12,West Sandra,0
C706,2024-11-08,East Sean,1
C707,2024-07-19,Port Tyler,1
C708,2024-08-28,Pageside,1
C709,2024-09-08,Port Barbarachester,1
C710,2024-08-19,North George,0
C711,2025-05-11,Smithview,0
C712,2025-11-03,East Linda,1
C713,2025-04-13,South Jaime,0
C714,2025-06-09,Port Melissaton,0
C715,2026-02-01,Port Michael,0
C716,2024-04-25,Thomasside,0
C717,2025-08-13,Reedstad,1
C718,2025-03-16,Lake Jonathan,0
C719,2024-03-12,New Ivan,1
C720,2025-01-10,New Angelaport,0
C721,2025-06-01,North Melanie,0
C722,2025-11-13,Port Scott,1
C723,2026-01-15,New Regina,1
C724,2025-12-09,West Ann,1
C725,2024-05-01,Stephensmouth,1
C726,2025-11-25,North David,0
C727,2025-08-05,East Emily,1
C728,2024-07-30,Taylorfurt,1
C729,2025-11-23,Ginamouth,0
C730,2024-09-08,North Donnaville,0
C731,2024-05-10,Lake Leroy,1
C732,2024-12-21,Port Anthonyfort,1
C733,2024-12-02,South Patricia,1
C734,2025-11-12,Alexandraburgh,1
C735,2025-07-20,West Travis,1
C736,2025-12-27,East Todd,1
C737,2024-04-10,Vasquezton,1
C738,2026-01-27,Port Michael,0
C739,2024-04-10,Lynnville,1
C740,2025-11-12,New Brandon,1
C741,2025-01-27,Jacksonbury,0
C742,2025-08-29,Port Taylor,0
C743,2024-11-27,Patriciashire,1
C744,2025-04-16,Burkeberg,1
C745,2025-07-05,Calvinhaven,1
C746,2025-08-10,New Markburgh,1
C747,2025-11-10,South Amyland,0
C748,2025-04-03,New Donald,1
C749,2025-04-08,West Garrettmouth,1
C750,2025-04-06,Paulstad,0
C751,2024-07-04,Lewisville,0
C752,2024-06-13,Camachobury,1
C753,2026-02-08,Ortegabury,1
C754,2024-12-13,New Taylorburgh,0
C755,2026-02-01,Jeremymouth,1
C756,2025-03-06,East Alexander,0
C757,2025-06-06,Nicholsside,0
C758,2024-08-07,West Anthony,1
C759,2024-10-02,Lake Elizabeth,0
C760,2024-08-23,Ianberg,0
C761,2024-06-28,East Pamela,0
C762,2025-07-27,Pruittbury,1
C763,2025-09-12,Nicholashaven,1
C764,2024-04-20,East Rachelberg,0
C765,2024-03-08,Tylerborough,1
C766,2025-08-26,Chenland,0
C767,2025-09-12,Lake Christinebury,0
C768,2025-01-21,West Alyssa,1
C769,2025-08-21,Neiltown,1
C770,2024-07-26,South Ashley,1
C771,2026-01-17,Catherineview,0
C772,2024-05-15,Laurenburgh,0
C773,2024-07-05,Sharonchester,0
C774,2024-08-29,Lunaland,1
C775,2026-01-18,Lake Amandaview,1
C776,2025-09-07,Adamberg,0
C777,2025-02-02,Brownside,1
C778,2025-02-17,South Dawn,1
C779,2025-05-16,Paulchester,1
C780,2025-11-10,North Reginachester,1
C781,2024-04-02,Morganfurt,0
C782,2026-02-08,Lake Dawn,1
C783,2024-08-15,South Alan,0
C784,2024-06-02,Batesport,0
C785,2025-05-22,Jordanstad,0
C786,2025-12-12,Guerreromouth,1
C787,2025-09-29,West Bryan,1
C788,2025-02-19,Cordovafurt,0
C789,2024-06-08,Lake Shane,1
C790,2024-06-27,Tylerborough,0
C791,2024-09-08,Tammyland,1
C792,2024-03-13,Alanview,0
C793,2025-01-12,North Michael,1
C794,2026-01-14,New Ashley,1
C795,2026-01-05,Loweryville,1
C796,2024-05-06,Janeland,1
C797,2025-10-04,New Evanburgh,1
C798,2025-12-07,Marystad,0
C799,2025-06-09,East Jennifer,0
C800,2024-06-25,South Jonathan,1
C801,2025-12-08,South Lauren,0
C802,2025-10-03,Mackenziefurt,1
C803,2024-06-28,Wheelertown,0
C804,2025-07-24,West Joshuaville,0
C805,2026-01-25,Port Sethport,1
C806,2025-11-03,Jenniferport,1
C807,2026-01-07,Jonesbury,1
C808,2025-09-08,East Jenniferburgh,0
C809,2024-10-05,Meyerborough,0
C810,2025-02-11,South Richardville,0
C811,2024-11-27,Vincentmouth,0
C812,2025-10-15,Lake Kevintown,1
C813,2025-02-05,Lake Karaburgh,1
C814,2024-04-23,Amberview,0
C815,2025-02-11,Lewisport,0
C816,2025-01-04,Garciafort,0
C817,2025-04-17,Amandaberg,0
C818,2025-09-20,New Ashleytown,1
C819,2025-06-06,Lake Katherineborough,1
C820,2024-09-06,Donaldland,1
C821,2025-04-20,Port Michael,1
C822,2024-09-11,New Davidborough,0
C823,2025-02-08,Kingville,1
C824,2024-08-24,Port Johnhaven,0
C825,2024-07-17,Port Michael,1
C826,2026-01-16,North Jamie,1
C827,2024-10-20,Williambury,1
C828,2025-05-12,Davisport,0
C829,2025-11-09,Josefort,1
C830,2024-10-08,North Nancy,0
C831,2024-07-19,East David,1
C832,2025-06-04,East Jacobshire,1
C833,2026-02-15,Ruizport,0
C834,2025-07-09,West Andrew,1
C835,2024-11-13,North Janefurt,0
C836,2025-02-19,Meghanshire,1
C837,2025-11-16,East Paul,1
C838,2025-10-14,Thompsonhaven,0
C839,2025-09-09,Jamesmouth,1
C840,2025-01-30,Huntstad,1
C841,2025-06-25,Sharonview,0
C842,2025-07-12,Simmonsborough,0
C843,2024-06-17,Lake Christopher,1
C844,2025-08-07,Jenkinsville,0
C845,2024-12-02,Port Matthew,0
C846,2024-04-14,Emilyberg,0
C847,2024-05-13,North Lisaton,0
C848,2025-04-08,Clarkstad,1
C849,2024-03-15,Lake Cynthia,0
C850,2025-06-23,Michaelport,0
C851,2024-02-27,West Angelaville,0
C852,2024-10-12,Rogersberg,0
C853,2025-04-16,Davidshire,0
C854,2025-01-20,South Lynnfort,0
C855,2025-10-08,New Ethanmouth,0
C856,2026-02-15,West Ryanview,1
C857,2025-10-01,North Brittanyton,0
C858,2025-08-03,Riveraside,0
C859,2024-12-19,Nancyside,1
C860,2025-08-29,Donaldstad,0
C861,2025-11-15,Ryanland,0
C862,2026-02-06,North Lauren,1
C863,2025-08-17,West Jamie,0
C864,2024-03-28,Gibbsview,0
C865,2025-06-28,Jeffersonbury,0
C866,2025-02-19,Wilsonstad,0
C867,2025-06-02,Hillberg,0
C868,2025-05-17,Joneschester,1
C869,2026-01-26,New Heather,0
C870,2024-12-21,North Jason,1
C871,2025-07-01,Port Jessicachester,0
C872,2025-04-01,Pierceland,0
C873,2025-05-13,North Jonathan,1
C874,2024-11-21,New Crystal,0
C875,2025-12-25,Port Adrianhaven,0
C876,2025-01-29,West Marktown,1
C877,2025-04-16,Hardytown,0
C878,2024-07-22,Hendersonstad,0
C879,2024-09-26,West Jaimetown,1
C880,2024-04-27,East Diane,1
C881,2024-12-14,Trevorfort,1
C882,2024-11-14,Katherineland,0
C883,2025-11-29,Sandersmouth,1
C884,2024-07-09,New Vanessaburgh,0
C885,2024-06-27,Lake Caitlin,0
C886,2025-08-05,Smithstad,1
C887,2025-08-28,Jacquelinechester,1
C888,2026-01-15,New Edwardton,0
C889,2024-11-28,Haleyfurt,0
C890,2025-08-15,South Shawn,1
C891,2025-09-21,Karafort,1
C892,2025-09-21,South Anthonyton,1
C893,2025-03-19,Derekburgh,0
C894,2025-12-11,South Aaron,1
C895,2025-02-07,East Christopherstad,1
C896,2025-02-28,South Barry,0
C897,2025-02-22,Cynthiaburgh,0
C898,2026-01-13,Lake Michelemouth,1
C899,2024-06-26,East Amber,0
C900,2024-03-04,Moramouth,0
C901,2024-02-26,Smithhaven,0
C902,2025-04-17,South Diane,1
C903,2024-05-25,Davidport,1
C904,2025-07-19,Vanessaview,1
C905,2025-12-27,South Derekstad,1
C906,2025-11-10,North Paulberg,1
C907,2025-03-04,South Victoriahaven,1
C908,2024-04-21,South Grace,0
C909,2025-12-30,Turnerton,0
C910,2025-03-27,West Paul,0
C911,2025-08-28,South Rachelbury,1
C912,2025-01-22,Pamelabury,1
C913,2025-08-22,Port Erinfurt,0
C914,2025-08-10,North John,1
C915,2024-05-20,Rachelhaven,1
C916,2024-03-25,East Molly,1
C917,2025-11-16,North Jonathan,1
C918,2025-05-22,South Phillipfort,1
C919,2024-08-09,Port Steven,0
C920,2025-09-26,Bookerport,1
C921,2025-12-26,West Ryanville,1
C922,2026-02-12,Michaelstad,1
C923,2024-10-31,South James,1
C924,2024-07-08,Teresaville,1
C925,2025-08-16,Lake Tonya,0
C926,2024-06-30,Simmonsland,1
C927,2025-06-17,Port Jenniferbury,0
C928,2025-03-23,New Lorihaven,0
C929,2024-10-17,Port Sarahborough,0
C930,2024-04-05,North Glenda,0
C931,2024-05-15,Beckerview,1
C932,2026-01-14,Elizabethfurt,0
C933,2025-09-18,Washingtonfort,1
C934,2024-12-13,Lake Samantha,0
C935,2025-01-17,East Christophermouth,0
C936,2024-04-07,North Eric,1
C937,2024-11-05,Moyerview,0
C938,2024-03-03,South Douglas,1
C939,2025-01-15,Woodmouth,1
C940,2025-11-05,East Christopherburgh,1
C941,2024-06-05,Rossburgh,0
C942,2024-06-21,Johnsonstad,1
C943,2024-09-06,Rachelchester,1
C944,2025-09-22,Evanstown,1
C945,2025-05-30,New Ronniechester,0
C946,2025-11-16,Wheelerberg,0
C947,2024-08-23,Millerfort,0
C948,2025-05-28,Paulborough,1
C949,2024-07-23,Lake Yolanda,0
C950,2025-01-31,North Elizabeth,0
C951,2024-08-15,Coopershire,1
C952,2025-06-17,Ambermouth,1
C953,2024-06-19,Bauerfurt,0
C954,2025-06-30,Karaville,1
C955,2025-05-17,Port Amy,0
C956,2025-01-26,West Keith,1
C957,2025-12-22,Cindyborough,0
C958,2025-06-13,Port Susanland,1
C959,2024-08-11,Briannahaven,0
C960,2025-12-15,Port Charles,0
C961,2025-09-23,Andreaside,1
C962,2025-03-26,Guerrerostad,1
C963,2024-09-21,Patrickshire,1
C964,2026-02-20,Tinafurt,1
C965,2024-07-22,West Susan,0
C966,2024-07-15,Jesuschester,0
C967,2025-11-24,New Patricia,0
C968,2025-09-05,Robinsontown,1
C969,2025-07-22,South Robert,0
C970,2024-10-11,Mccoyport,0
C971,2025-02-01,West Barryborough,0
C972,2025-04-26,Meadowsview,0
C973,2024-10-22,South Kellyton,0
C974,2025-12-28,Port Gregorystad,1
C975,2026-02-17,Amyburgh,1
C976,2025-09-11,North Brianfurt,1
C977,2024-04-02,New Bryanton,1
C978,2025-05-14,Coxside,0
C979,2025-07-13,New Nathanburgh,1
C980,2025-08-31,Watsonmouth,1
C981,2025-06-26,Johntown,1
C982,2024-04-06,Jasonland,0
C983,2025-04-30,West Stephanie,0
C984,2025-03-28,Samuelville,0
C985,2024-11-08,Crystalmouth,0
C986,2026-01-12,New Michael,0
C987,2026-01-18,Mercedeshaven,0
C988,2024-11-26,Oliverville,1
C989,2025-06-04,Westview,1
C990,2025-11-21,Clarktown,1
C991,2024-04-14,West Lisa,1
C992,2025-03-20,Haleymouth,1
C993,2025-08-05,Howeborough,1
C994,2025-07-06,Port Roberttown,1
C995,2024-06-12,South Cindybury,0
C996,2025-09-25,Anthonyton,0
C997,2025-11-19,East Brittany,1
C998,2026-02-07,Kimtown,1
C999,2025-05-27,West Ryanfort,0
C1000,2024-05-06,Lake Darlenebury,1
C1001,2025-01-14,Stephensside,1
C1002,2025-11-28,West John,1
C1003,2024-06-09,Audreyfort,0
C1004,2025-11-27,East Kristen,0
C1005,2024-03-16,Hughesfurt,1
C1006,2026-01-16,Port Richardside,0
C1007,2025-02-12,Markland,0
C1008,2024-04-03,Contrerasstad,0
C1009,2024-09-04,Michelehaven,1
C1010,2024-07-28,Tuckerstad,0
C1011,2024-11-08,Richardsmouth,0
C1012,2025-05-17,East Dustinmouth,1
C1013,2025-03-20,South Colleen,1
C1014,2024-03-08,North Ellenland,1
C1015,2025-07-11,Marksmouth,0
C1016,2024-06-05,West Robert,0
C1017,2024-09-17,Lake Thomasview,1
C1018,2025-01-08,North Davidmouth,1
C1019,2024-07-29,East Natalieland,0
C1020,2024-12-25,North Russell,0
C1021,2025-02-12,North Douglas,1
C1022,2025-10-25,Wardmouth,0
C1023,2024-09-04,South Gregory,1
C1024,2024-11-18,Millerfort,0
C1025,2024-04-30,Andersonport,1
C1026,2025-03-31,Port Wandaburgh,0
C1027,2025-01-20,Baileyberg,1
C1028,2024-10-26,Aaronville,0
C1029,2024-12-04,Port Michael,1
C1030,2024-05-23,Grayside,0
C1031,2024-09-04,Bennettburgh,1
C1032,2024-06-18,Port Ericland,1
C1033,2025-02-23,Patriciafurt,1
C1034,2024-07-18,Ryanhaven,1
C1035,2025-07-14,Stevenberg,1
C1036,2026-01-04,Ericfurt,0
C1037,2026-02-08,East Kristenberg,1
C1038,2025-12-26,East Anthony,0
C1039,2025-12-02,Pattersonfurt,1
C1040,2024-05-28,Liuport,0
C1041,2025-04-13,Johnchester,1
C1042,2025-02-16,Davidborough,1
C1043,2026-01-08,West Stacy,0
C1044,2025-10-23,South Jacobside,1
C1045,2024-08-06,Joseview,0
C1046,2024-09-11,Rebeccaton,0
C1047,2025-02-06,Davilaton,1
C1048,2024-09-02,Port Beverly,1
C1049,2025-09-20,Lake Sherryland,0
C1050,2024-09-20,Port Patrickmouth,1
C1051,2024-03-23,Robinsonport,1
C1052,2025-11-19,Lake Samuel,1
C1053,2025-06-05,Wrighthaven,0
C1054,2024-03-19,North Williamborough,1
C1055,2024-10-02,Port John,0
C1056,2025-02-09,Christopherborough,0
C1057,2025-07-29,Davidchester,0
C1058,2024-05-09,Gentrychester,0
C1059,2026-01-21,Lake Randallside,1
C1060,2024-03-11,Markchester,1
C1061,2025-08-29,West Bryan,0
C1062,2026-01-26,North Jessica,0
C1063,2024-08-31,Lake Erinstad,0
C1064,2024-11-04,Jessicastad,0
C1065,2025-11-24,Hannahport,1
C1066,2025-12-01,Blakehaven,0
C1067,2024-12-01,Petersonland,0
C1068,2026-01-15,Youngside,0
C1069,2025-12-06,East Jason,0
C1070,2025-02-06,North Eric,0
C1071,2024-10-29,Mccarthyport,1
C1072,2024-04-02,North Williefort,1
C1073,2024-04-17,South Alexischester,1
C1074,2025-02-09,North Marthaside,1
C1075,2024-05-15,Lake Kathleen,1
C1076,2025-08-22,Hillchester,0
C1077,2025-07-14,Vickiburgh,1
C1078,2025-03-11,Port Brittany,0
C1079,2024-05-27,Judyland,1
C1080,2025-10-02,Port Nancyhaven,1
C1081,2025-05-24,Ericview,1
C1082,2025-04-20,Martinhaven,1
C1083,2025-04-14,Christinastad,0
C1084,2025-02-14,Michaelbury,1
C1085,2024-03-21,Shieldsmouth,0
C1086,2026-01-02,South Kimberly,1
C1087,2024-08-20,New Kathyberg,1
C1088,2024-04-17,New Jesseland,1
C1089,2026-01-18,Allisonshire,0
C1090,2025-11-22,Bryantfort,0
C1091,2025-07-20,Lake Joseph,1
C1092,2025-02-22,Josephport,1
C1093,2025-05-15,Lake Michelleshire,0
C1094,2026-01-14,Joneschester,0
C1095,2025-08-27,North Samuelview,1
C1096,2025-04-01,Lake Sharon,1
C1097,2025-08-31,Frankfort,0
C1098,2025-10-20,Stevensview,1
C1099,2024-04-11,Lake Jasonshire,0
C1100,2024-05-24,Morriston,1
C1101,2025-12-20,East Monicashire,1
C1102,2024-09-24,Schneiderfurt,0
C1103,2024-03-01,East Jeremy,0
C1104,2025-06-28,Murphyborough,1
C1105,2024-07-28,Stephensfurt,0
C1106,2025-09-03,Port Randall,1
C1107,2026-01-07,Nicholasfurt,0
C1108,2024-06-22,Lake Theresa,0
C1109,2025-01-08,Adamsborough,0
C1110,2025-12-27,New Stephen,0
C1111,2025-08-16,South Sylviamouth,1
C1112,2024-06-21,Pattonbury,1
C1113,2025-06-16,North Jeffrey,0
C1114,2025-10-14,Kellerberg,1
C1115,2026-01-20,North Kimberlyhaven,1
C1116,2024-03-14,North Donna,1
C1117,2024-03-18,Lake Misty,1
C1118,2024-04-16,Lake Marissa,1
C1119,2025-05-02,Laceytown,1
C1120,2025-01-07,Lake Robinfurt,0
C1121,2025-04-10,North Charlesstad,1
C1122,2025-07-22,New Michelletown,0
C1123,2025-01-06,Katherineview,1
C1124,2024-07-24,North Lisaville,0
C1125,2025-09-09,South Kevin,1
C1126,2024-06-27,East Michaelhaven,1
C1127,2025-02-14,Howardport,1
C1128,2025-01-17,Port Sarah,0
C1129,2025-08-15,West Kristina,1
C1130,2024-08-11,North Anthony,0
C1131,2025-11-18,Hensonshire,0
C1132,2024-10-27,South Jenniferland,1
C1133,2024-07-14,Dustinshire,1
C1134,2025-12-20,Aguilarton,1
C1135,2024-12-19,Jamesberg,0
C1136,2026-02-03,North Jonathan,0
C1137,2026-01-25,East Davidstad,1
C1138,2024-07-06,South Joshua,1
C1139,2025-04-16,East Kennethside,1
C1140,2026-01-01,Perrybury,0
C1141,2024-12-02,Barnesfort,0
C1142,2024-04-05,Michelleport,1
C1143,2025-11-05,East David,1
C1144,2024-06-07,Dawnmouth,0
C1145,2024-08-21,East Jaredbury,1
C1146,2024-07-15,Roychester,1
C1147,2025-08-06,North Alyssa,0
C1148,2025-10-03,New Brandon,0
C1149,2025-01-20,Port Casey,1
C1150,2024-09-14,Richardston,1
C1151,2025-06-08,Phyllismouth,0
C1152,2025-09-14,North Vincentchester,0
C1153,2024-05-26,New Williamtown,0
C1154,2025-10-08,Masonland,0
C1155,2025-04-18,Johnsonmouth,0
C1156,2025-05-13,East Crystal,1
C1157,2025-07-03,New Edwinside,0
C1158,2024-12-09,East Courtneyville,0
C1159,2024-12-06,Ericfort,1
C1160,2025-06-14,Cartermouth,0
C1161,2025-11-07,West Jose,1
C1162,2026-02-11,Port Kyleton,0
C1163,2025-07-29,Pattersonmouth,0
C1164,2025-01-14,Thorntonmouth,0
C1165,2024-07-16,West Matthew,0
C1166,2025-01-26,Rebekahborough,1
C1167,2024-10-19,New Gregorymouth,0
C1168,2024-08-28,Whitemouth,1
C1169,2025-11-16,Port Katherine,1
C1170,2024-10-13,West Theresaton,0
C1171,2026-02-14,Padillaland,1
C1172,2024-04-25,Parkerstad,1
C1173,2025-06-04,Lake Brandi,1
C1174,2025-12-28,Millerview,0
C1175,2024-11-11,South Douglasberg,0
C1176,2024-08-10,Hernandezburgh,1
C1177,2025-11-24,Lake Joseph,1
C1178,2024-11-02,Samanthaside,0
C1179,2024-09-08,Sandersborough,1
C1180,2024-11-27,Port Allisonmouth,1
C1181,2025-02-12,Simmonshaven,1
C1182,2024-12-27,South Amyport,1
C1183,2025-03-28,Port Sarabury,1
C1184,2026-01-31,Doughertyville,1
C1185,2025-04-30,West Peterside,0
C1186,2025-06-24,New David,0
C1187,2025-10-08,Williamville,0
C1188,2025-08-20,North Patrickchester,1
C1189,2024-06-02,Port Leslie,0
C1190,2024-07-09,South Anthonyland,1
C1191,2024-03-08,North David,1
C1192,2025-05-20,New Ashlee,0
C1193,2026-01-05,New Ianton,0
C1194,2025-12-04,South Nicolemouth,1
C1195,2026-02-09,Lake Tracy,0
C1196,2025-03-26,Greggland,0
C1197,2026-02-06,South Jennifer,1
C1198,2025-09-05,Jenkinsbury,1
C1199,2024-03-17,East Billy,0
C1200,2025-10-05,Carrilloton,1
C1201,2024-11-27,Brandonshire,0
C1202,2024-06-30,Port Christopher,0
C1203,2025-04-14,Salazarton,1
C1204,2024-09-08,New Carolinefort,1
C1205,2024-09-30,Lake Emily,0
C1206,2025-07-05,Owensfort,1
C1207,2025-02-27,Jeremyborough,0
C1208,2025-12-28,Tiffanystad,1
C1209,2025-01-12,South Melissastad,1
C1210,2026-01-02,Sullivanmouth,0
C1211,2025-09-05,Norrisside,1
C1212,2025-10-29,Turnerside,0
C1213,2024-03-24,North Cindybury,1
C1214,2025-02-26,Marystad,0
C1215,2024-12-16,Stevefurt,0
C1216,2024-11-28,New Joannetown,1
C1217,2025-08-24,Christophertown,0
C1218,2025-06-01,Brianmouth,1
C1219,2025-05-09,North Paulmouth,0
C1220,2025-04-08,Benjaminberg,0
C1221,2025-03-21,New Charles,0
C1222,2025-07-01,Danielville,1
C1223,2024-08-27,Meyersmouth,1
C1224,2025-08-28,Hansenmouth,0
C1225,2024-02-29,Christinemouth,1
C1226,2025-12-21,Port Alexandra,1
C1227,2025-11-28,Ibarraland,0
C1228,2024-11-25,Cannonport,0
C1229,2024-05-27,Vegaside,0
C1230,2025-10-06,East Melissa,1
C1231,2024-02-26,Skinnermouth,0
C1232,2025-07-23,Smithfurt,0
C1233,2025-03-05,Kathleenport,1
C1234,2025-05-20,Bakertown,0
C1235,2024-08-25,Alexandershire,1
C1236,2024-05-13,Stricklandton,0
C1237,2025-07-16,New Jason,1
C1238,2025-03-12,Collinberg,0
C1239,2026-02-10,Mooremouth,0
C1240,2024-05-23,Lake Roberto,0
C1241,2025-01-05,Danielmouth,1
C1242,2024-05-08,Hernandezchester,1
C1243,2024-06-18,Greggland,0
C1244,2025-08-01,South Thomas,0
C1245,2025-02-21,Hodgesberg,1
C1246,2024-09-11,Nelsonfort,0
C1247,2025-11-19,Dodsonbury,0
C1248,2024-03-26,Stephanieland,0
C1249,2026-02-10,Ryanberg,1
C1250,2025-02-19,North Josephmouth,1
C1251,2024-09-17,Keithland,0
C1252,2024-04-28,Tranport,1
C1253,2024-05-20,Port Maryview,0
C1254,2025-10-29,West Sabrina,1
C1255,2025-05-10,Lake Anthony,0
C1256,2025-07-21,East Marcus,0
C1257,2024-07-04,Tiffanyborough,1
C1258,2024-05-15,Willismouth,0
C1259,2024-07-22,Andreaton,0
C1260,2025-09-09,Meltonshire,1
C1261,2024-12-23,North Margaret,1
C1262,2026-02-13,South Erinside,0
C1263,2025-07-03,Scottborough,1
C1264,2025-06-02,Timothytown,1
C1265,2025-01-20,Buckleyfurt,1
C1266,2025-08-22,West Linda,0
C1267,2026-02-25,East Jason,1
C1268,2024-09-24,New Amystad,0
C1269,2026-02-25,New Tammy,1
C1270,2025-11-05,Robertland,0
C1271,2025-08-02,Cherylhaven,0
C1272,2024-06-06,North Heather,1
C1273,2025-06-21,Maryhaven,0
C1274,2024-11-06,Jenniferbury,0
C1275,2024-11-11,East Williamburgh,1
C1276,2024-06-28,Huangland,1
C1277,2024-10-29,Kellyport,0
C1278,2025-11-12,Brownside,1
C1279,2026-01-28,Lake Paulshire,1
C1280,2024-07-22,Masseyside,0
C1281,2024-05-19,East Donald,0
C1282,2025-05-29,New Mistybury,0
C1283,2025-10-25,Cassandraburgh,1
C1284,2025-05-03,Port Colin,0
C1285,2024-09-08,East Mark,1
C1286,2025-12-27,New Daniel,0
C1287,2024-08-17,Sharonbury,0
C1288,2024-09-07,Goodville,0
C1289,2025-12-19,West Kelli,0
C1290,2025-07-01,Weissmouth,1
C1291,2026-02-04,Lake Cesar,1
C1292,2025-10-08,Port Philip,1
C1293,2026-02-08,South Lisafurt,1
C1294,2025-01-15,North Elizabethmouth,1
C1295,2024-04-04,South Johnland,0
C1296,2025-09-17,West Jesse,0
C1297,2024-10-12,East Michaelfort,1
C1298,2025-02-23,Port Shawnashire,1
C1299,2024-07-19,Lake Alicia,0
C1300,2025-04-21,Kellymouth,1
C1301,2024-11-15,Smithville,1
C1302,2025-07-12,Angelashire,0
C1303,2024-03-13,Jamesbury,1
C1304,2026-01-13,East Michael,1
C1305,2024-03-19,New Christopher,1
C1306,2025-11-13,Ortizview,1
C1307,2025-04-26,New Stephenshire,1
C1308,2025-10-07,Robertberg,1
C1309,2024-08-01,New Susan,0
C1310,2024-09-22,Shannonstad,1
C1311,2025-06-16,New Evan,1
C1312,2024-12-12,Andrewston,1
C1313,2025-06-21,North Lauraburgh,1
C1314,2025-10-17,Gonzalezfurt,0
C1315,2025-10-08,Gravesview,1
C1316,2024-08-26,Fredbury,0
C1317,2024-11-05,Davidton,1
C1318,2024-08-27,Johnhaven,0
C1319,2025-05-07,Port Natalie,1
C1320,2024-07-25,South Nicholas,1
C1321,2025-02-07,Michaelchester,0
C1322,2024-05-18,Robertview,0
C1323,2025-12-11,New Ernest,1
C1324,2024-07-31,North Kristen,1
C1325,2024-08-07,Kaylamouth,1
C1326,2024-09-09,East Kimberlystad,1
C1327,2025-01-09,Kingland,1
C1328,2025-07-02,Port Jonathanbury,0
C1329,2025-01-07,Wilsonstad,1
C1330,2026-01-04,North Jacobton,1
C1331,2025-06-23,Davidsonton,1
C1332,2024-03-04,Connorside,0
C1333,2024-06-26,West Brooketon,1
C1334,2024-03-18,West Ethantown,1
C1335,2025-04-01,South Julie,1
C1336,2025-02-11,Lopezmouth,0
C1337,2025-07-14,Johnsonborough,0
C1338,2026-01-16,South Earl,1
C1339,2024-12-18,Christinaland,1
C1340,2025-12-19,Mileschester,0
C1341,2024-07-17,Port Kathleenview,0
C1342,2024-03-16,Stonechester,0
C1343,2025-01-11,Hansenhaven,1
C1344,2024-10-22,Vegaville,0
C1345,2024-12-16,Port Paulberg,0
C1346,2025-05-21,Annaton,0
C1347,2025-07-31,East Karen,0
C1348,2024-03-06,New Andreaton,1
C1349,2025-12-19,Brianland,1
C1350,2025-08-08,Port Dawn,1
C1351,2025-12-10,Orrmouth,0
C1352,2025-12-14,Smithside,0
C1353,2024-04-18,East Patrick,1
C1354,2024-04-08,South Jessicaborough,1
C1355,2024-04-29,Shortton,1
C1356,2024-03-07,South Kimberlybury,1
C1357,2025-05-24,Lake Melissa,0
C1358,2024-06-18,South Paulfurt,0
C1359,2025-04-10,Port Hollyside,1
C1360,2024-03-17,Williamsburgh,1
C1361,2024-08-19,Tiffanyland,1
C1362,2025-08-01,South Jacobton,1
C1363,2024-04-06,West Tonyaberg,0
C1364,2024-07-06,Bartonchester,0
C1365,2025-07-19,Foxstad,0
C1366,2025-09-01,Courtneyfort,0
C1367,2025-03-21,Lake Becky,1
C1368,2024-06-09,New Kevinville,1
C1369,2025-06-04,Port Michaelchester,0
C1370,2025-06-07,East Justinfurt,1
C1371,2025-08-26,Michaelport,1
C1372,2026-01-27,Schneiderstad,1
C1373,2025-01-13,Evanschester,0
C1374,2025-09-25,New Sandra,1
C1375,2024-06-18,South Philiptown,1
C1376,2024-03-20,Samuelland,0
C1377,2026-01-12,Rodriguezmouth,0
C1378,2024-04-28,Port Katherine,0
C1379,2025-08-17,Crystalfurt,0
C1380,2025-01-19,New Arthur,1
C1381,2024-04-20,Jenniferland,0
C1382,2024-06-10,Payneport,1
C1383,2024-03-06,Lake Alexafurt,0
C1384,2024-12-21,Pachecoside,1
C1385,2024-06-10,Dianaberg,1
C1386,2025-01-13,Kathleenstad,0
C1387,2025-11-11,Jamesbury,1
C1388,2025-07-24,East Philip,1
C1389,2026-02-21,Port Monicamouth,0
C1390,2026-01-17,Wilsonton,0
C1391,2025-08-31,Michaelside,1
C1392,2024-09-08,Lake Jonathanville,0
C1393,2025-02-04,Port Jason,0
C1394,2024-08-23,North Christina,0
C1395,2025-06-19,West Christianborough,0
C1396,2026-02-06,Robertshire,0
C1397,2024-09-30,Deborahland,1
C1398,2024-11-25,Port Jerome,0
C1399,2025-02-15,Alexandrahaven,1
C1400,2025-01-27,Lawrencebury,1
C1401,2025-05-30,Reedville,1
C1402,2024-05-14,North Jamesborough,0
C1403,2025-04-24,Lake Austin,0
C1404,2024-05-05,Lake Amandatown,0
C1405,2024-05-30,Joshuaville,1
C1406,2024-05-11,Gonzalezport,1
C1407,2024-10-24,Larrybury,1
C1408,2024-03-24,Flowersside,1
C1409,2026-02-19,North James,1
C1410,2024-05-21,Port Robertfort,0
C1411,2025-08-28,Angelafurt,0
C1412,2025-12-14,Laurahaven,1
C1413,2025-01-25,South Judy,0
C1414,2026-01-11,Port Joshua,1
C1415,2025-07-16,Meganfurt,1
C1416,2025-07-11,North Kristine,1
C1417,2025-12-10,Michaelville,0
C1418,2025-04-18,Laurenport,0
C1419,2024-06-20,Dianaport,0
C1420,2025-05-06,New Perryfort,1
C1421,2024-04-15,Chrisbury,0
C1422,2024-07-28,Martinezview,0
C1423,2025-04-01,Christopherburgh,0
C1424,2024-10-16,New Jacob,1
C1425,2025-01-08,Medinastad,0
C1426,2024-11-28,Johnstad,0
C1427,2025-08-14,North Lisafort,1
C1428,2025-12-04,Harrisonstad,0
C1429,2026-01-13,Greenfort,1
C1430,2026-01-05,Sarahshire,1
C1431,2025-07-16,West Ryanborough,0
C1432,2025-06-10,Nicholasside,1
C1433,2024-06-02,Barrhaven,0
C1434,2024-12-08,Port Joseph,1
C1435,2024-07-19,Spearsstad,0
C1436,2025-09-03,East Mercedesville,1
C1437,2024-12-11,Charlesbury,0
C1438,2026-01-20,Nicoleshire,0
C1439,2025-10-31,Brownburgh,0
C1440,2024-05-13,Jamesview,0
C1441,2025-08-19,East Ashleeside,1
C1442,2024-10-01,South Monicastad,0
C1443,2025-12-10,Schneiderland,0
C1444,2024-12-05,Derekfort,0
C1445,2024-07-31,Timothyburgh,0
C1446,2026-02-07,West Mary,1
C1447,2024-09-16,Aliciashire,0
C1448,2024-12-21,Dannyton,1
C1449,2024-07-09,New Aprilstad,0
C1450,2026-01-21,Luisburgh,1
C1451,2024-12-13,South James,1
C1452,2024-09-27,Hamiltonborough,1
C1453,2024-06-05,West Joshua,1
C1454,2024-12-09,New Nancy,0
C1455,2025-09-28,Natashaborough,1
C1456,2025-09-01,South Davidbury,1
C1457,2025-11-01,Michelleberg,1
C1458,2024-06-18,North Debraville,0
C1459,2025-03-22,East Ryan,0
C1460,2025-06-17,East Crystal,0
C1461,2025-06-04,Lake Jameschester,1
C1462,2024-12-25,Danastad,1
C1463,2025-01-15,South Christopher,1
C1464,2026-01-13,North Jessica,1
C1465,2024-08-22,Lake Kevinchester,0
C1466,2025-09-26,Bakertown,1
C1467,2025-07-13,South Margaret,0
C1468,2024-04-25,Joshuahaven,1
C1469,2024-09-15,Foxfurt,1
C1470,2024-07-29,Johnport,1
C1471,2024-11-10,Lake Kimberlyside,1
C1472,2025-01-23,Bergerstad,0
C1473,2024-04-07,South Dianamouth,1
C1474,2025-08-05,Lake Timothy,0
C1475,2025-09-22,Lukechester,1
C1476,2025-03-13,Lake Michaelland,0
C1477,2025-04-24,West Adam,1
C1478,2025-07-10,Paulfort,0
C1479,2024-04-12,Cummingsside,1
C1480,2024-08-23,Maldonadoville,1
C1481,2025-07-13,Beardborough,0
C1482,2024-09-11,Port Elizabethbury,0
C1483,2024-11-04,New Felicia,0
C1484,2026-02-09,Lake Keithberg,0
C1485,2025-05-02,Lake Toniview,1
C1486,2024-09-13,Warrenchester,1
C1487,2024-11-06,Lake Lukeshire,1
C1488,2025-11-08,Snyderfort,0
C1489,2025-08-10,Jacobberg,0
C1490,2025-10-03,Wonghaven,1
C1491,2025-11-17,Raymondmouth,1
C1492,2025-03-25,West Elizabeth,0
C1493,2024-07-05,Port Latoyaside,0
C1494,2025-12-16,Cunninghamshire,1
C1495,2024-03-24,South Cynthialand,1
C1496,2025-06-16,South Melissashire,1
C1497,2024-06-15,South Frankhaven,1
C1498,2025-07-19,East Robert,1
C1499,2025-04-14,Joshuaton,0
C1500,2025-11-29,West Erinmouth,0
C1501,2025-01-05,North Benjaminton,1
C1502,2024-05-22,Hannatown,1
C1503,2025-10-24,Burnettville,0
C1504,2025-09-02,North Sheryl,0
C1505,2025-04-06,Phamside,1
C1506,2025-07-16,Jeremyfort,0
C1507,2024-09-30,South Johnnytown,0
C1508,2025-10-06,South Pamelashire,1
C1509,2025-09-28,East Rebecca,1
C1510,2025-04-08,Lake Valerie,1
C1511,2024-12-16,North Joshua,1
C1512,2024-09-15,Lake Ashleyview,0
C1513,2025-11-05,Gomezmouth,0
C1514,2025-12-15,Lake Sherry,1
C1515,2024-07-04,New Cynthiamouth,0
C1516,2024-06-18,Davidmouth,1
C1517,2025-06-17,West Shane,1
C1518,2024-11-11,Evansfort,1
C1519,2024-05-10,Andrewport,1
C1520,2024-11-24,Davidburgh,0
C1521,2024-12-17,Laurafurt,1
C1522,2024-04-30,South Jennifer,0
C1523,2025-01-12,Lake Jennifer,0
C1524,2024-10-12,North Martinview,1
C1525,2025-02-12,Brianstad,1
C1526,2024-09-20,Mccarthymouth,0
C1527,2025-08-26,Norrismouth,1
C1528,2024-12-18,Johnsonberg,1
C1529,2025-08-27,Hamptonstad,1
C1530,2024-10-30,Lyonsside,0
C1531,2025-08-25,Lake Elizabeth,0
C1532,2024-09-06,Lake Michael,0
C1533,2024-08-19,North Heather,1
C1534,2025-01-06,East Michelleburgh,1
C1535,2024-03-26,Aaronbury,1
C1536,2025-11-28,Georgeberg,1
C1537,2025-02-06,New Deborah,0
C1538,2025-12-02,Port Jason,0
C1539,2024-06-03,East Debrahaven,1
C1540,2025-01-26,Port Johntown,0
C1541,2025-08-04,North Christopher,0
C1542,2025-02-08,Anthonyborough,0
C1543,2025-05-17,East Rebecca,0
C1544,2024-05-15,North Jacobton,1
C1545,2024-10-11,Jameston,1
C1546,2024-04-24,Sharonstad,1
C1547,2024-05-28,Lake Christopher,0
C1548,2025-06-06,Markside,0
C1549,2024-11-07,Lamberthaven,1
C1550,2024-08-29,Port Carrie,1
C1551,2025-09-17,North Jasonhaven,0
C1552,2025-11-19,Lake Jamesburgh,1
C1553,2026-02-10,West Chad,1
C1554,2025-09-16,North Ricky,1
C1555,2024-11-28,Brittanybury,1
C1556,2024-05-07,Evelynburgh,1
C1557,2025-07-14,Lake Alicia,1
C1558,2024-05-11,East Calebberg,0
C1559,2025-10-08,New Nancy,1
C1560,2024-12-14,North Nathanielmouth,1
C1561,2024-10-09,Melvinfort,0
C1562,2025-09-11,Port Heatherfort,1
C1563,2024-09-16,Royview,1
C1564,2024-04-24,Danielshire,0
C1565,2024-12-19,East Danielle,1
C1566,2025-10-08,North Cynthia,1
C1567,2024-08-09,West Corey,0
C1568,2025-08-02,East Keithchester,0
C1569,2025-01-12,Jamesfort,1
C1570,2024-06-05,Port Tiffanyberg,0
C1571,2025-10-30,Bradshawville,1
C1572,2025-10-13,Anthonyville,0
C1573,2025-01-06,Perrytown,0
C1574,2024-12-20,Taylorhaven,0
C1575,2024-08-13,North Heathermouth,0
C1576,2025-05-19,Port Christineview,0
C1577,2025-03-25,Port Brianna,0
C1578,2025-11-12,Martinezmouth,1
C1579,2024-05-18,South Suzanne,1
C1580,2025-03-22,Dodsontown,1
C1581,2026-01-30,Anthonyhaven,0
C1582,2025-12-21,South Cathytown,1
C1583,2025-09-17,Angelahaven,0
C1584,2025-01-13,Lake Roger,1
C1585,2025-04-23,East Matthewhaven,1
C1586,2024-03-17,Paynechester,0
C1587,2025-02-17,Port Laurenland,0
C1588,2025-06-16,Vanessashire,0
C1589,2025-04-27,Wesleymouth,1
C1590,2024-04-05,Lake Taylorside,1
C1591,2024-05-29,Laurachester,1
C1592,2025-09-08,Brittanymouth,1
C1593,2025-11-19,Emilyfort,0
C1594,2025-02-07,North Tom,1
C1595,2025-12-18,Lake Carolville,1
C1596,2024-05-17,Doyleburgh,1
C1597,2025-07-28,East Helenshire,1
C1598,2024-06-16,Lake Charles,1
C1599,2025-06-21,Lake Dianaville,0
C1600,2025-05-23,Whitefort,0
C1601,2025-04-17,Lewisside,1
C1602,2024-08-18,North Brittany,1
C1603,2024-08-13,East Garyberg,0
C1604,2025-06-20,Westville,1
C1605,2025-10-29,Kylefurt,1
C1606,2024-07-11,New Lindafurt,0
C1607,2025-02-12,Maymouth,1
C1608,2025-10-17,Wongmouth,1
C1609,2025-09-15,Colonside,1
C1610,2026-01-31,Justinstad,1
C1611,2024-10-17,Dawnland,1
C1612,2025-08-25,North Morganborough,1
C1613,2025-05-11,Vaughnfort,0
C1614,2026-02-02,Port Chadborough,1
C1615,2024-05-23,East Zachary,1
C1616,2024-09-09,Mccannberg,1
C1617,2025-05-27,Lake Michaelland,0
C1618,2025-12-08,Port Isabellahaven,1
C1619,2025-08-16,Ramireztown,0
C1620,2025-01-08,Bruceberg,1
C1621,2024-11-22,Port Donna,0
C1622,2024-08-01,New Julia,1
C1623,2024-09-26,West Jacksonview,1
C1624,2024-10-04,Lake Warren,1
C1625,2025-01-22,Angelaborough,1
C1626,2026-01-07,North Valerie,0
C1627,2025-04-25,Mariafurt,0
C1628,2025-02-16,Richardsonton,1
C1629,2025-04-20,Port Katrinahaven,1
C1630,2024-03-08,West Lauraport,0
C1631,2025-01-24,New Zoeburgh,0
C1632,2024-08-27,Jonesport,0
C1633,2025-01-12,Wardfort,0
C1634,2024-09-17,Curtisburgh,0
C1635,2025-05-23,Smithmouth,0
C1636,2024-12-01,New Devonstad,0
C1637,2024-08-04,South Stephanieborough,0
C1638,2024-11-14,Mendozahaven,0
C1639,2025-03-02,New Michael,1
C1640,2024-12-23,Kennethmouth,1
C1641,2025-07-28,Burkeland,1
C1642,2024-04-29,Vazquezton,0
C1643,2025-12-14,Lake Davidside,0
C1644,2025-03-21,Samanthaton,0
C1645,2025-07-26,Lake Daniellehaven,0
C1646,2025-06-20,North James,1
C1647,2025-10-15,Cynthiatown,1
C1648,2024-10-27,Port Jenniferbury,1
C1649,2025-04-02,Bellberg,0
C1650,2024-04-04,Hallport,1
C1651,2025-09-23,North Nathanville,1
C1652,2024-07-18,South Audrey,1
C1653,2025-08-07,Janetstad,0
C1654,2024-12-24,Brennanbury,0
C1655,2025-02-06,New Anthonyhaven,0
C1656,2025-11-22,Russellside,0
C1657,2025-01-08,Port Stefaniemouth,0
C1658,2024-08-28,Hunthaven,1
C1659,2025-05-02,South Benjaminhaven,0
C1660,2024-12-08,Lake Travis,0
C1661,2025-10-07,West Emilyborough,1
C1662,2024-10-18,Stephenburgh,1
C1663,2024-04-08,East Lawrencetown,0
C1664,2024-06-24,South Victortown,1
C1665,2025-01-01,Lake Walter,0
C1666,2025-10-11,Mcdanielview,0
C1667,2025-01-30,Lukechester,1
C1668,2026-01-28,Monroehaven,0
C1669,2024-12-22,Anafurt,1
C1670,2025-01-28,Odonnelltown,1
C1671,2024-03-13,Vaughnton,1
C1672,2025-08-22,West Kellyton,1
C1673,2024-11-22,South Dana,0
C1674,2025-03-20,West Martinmouth,1
C1675,2024-12-11,Lake Stephaniemouth,1
C1676,2024-02-29,Claytonport,0
C1677,2024-05-30,North Terry,0
C1678,2025-09-04,Christinebury,1
C1679,2025-11-14,North Christopher,0
C1680,2025-08-30,New Stacy,1
C1681,2026-02-19,Lake Todd,1
C1682,2025-10-09,North Jacqueline,0
C1683,2025-01-06,Adamberg,0
C1684,2025-10-17,West Donald,1
C1685,2025-12-08,New Bonnie,1
C1686,2025-03-09,Mercadoland,0
C1687,2025-07-05,Jacobmouth,0
C1688,2026-02-14,Port Henryfurt,1
C1689,2025-09-02,New Scott,1
C1690,2025-10-25,Ericfurt,1
C1691,2025-06-19,North Bryan,0
C1692,2025-04-21,Houstonchester,1
C1693,2024-11-06,Perryview,0
C1694,2024-12-31,Andrewfurt,0
C1695,2024-12-13,West Gary,0
C1696,2025-06-20,North Tinamouth,1
C1697,2024-10-14,Brianhaven,1
C1698,2024-03-16,North Jamesland,0
C1699,2025-05-12,North Jacquelineside,0
C1700,2025-02-13,Mariaside,1
C1701,2024-04-05,New Rebeccatown,1
C1702,2026-02-11,Gabrielchester,0
C1703,2024-09-18,Lake Sarah,1
C1704,2024-04-14,Andrefurt,1
C1705,2025-10-29,Ashleybury,1
C1706,2024-11-05,East Rita,1
C1707,2025-11-06,North Danielside,0
C1708,2025-04-20,Port Allenmouth,1
C1709,2025-06-06,South Michael,1
C1710,2025-11-24,Andrewshire,0
C1711,2025-09-26,Harrisland,0
C1712,2025-06-24,Hernandezville,0
C1713,2025-08-09,Hughesberg,1
C1714,2024-08-16,Bellchester,1
C1715,2025-02-22,Port Christopher,0
C1716,2025-09-27,East Tanyamouth,1
C1717,2025-11-08,Port Kimberly,1
C1718,2026-01-28,Dunnton,0
C1719,2025-10-22,Port Josephhaven,1
C1720,2025-06-13,Port James,1
C1721,2024-07-02,New Andrewfort,0
C1722,2024-10-25,East Paula,0
C1723,2024-04-01,West Jilltown,0
C1724,2025-09-11,Port Kennethburgh,1
C1725,2025-05-08,Smithmouth,0
C1726,2025-02-08,Shawberg,1
C1727,2025-12-17,Mariashire,1
C1728,2025-10-02,Michelleside,1
C1729,2024-06-28,East Jason,1
C1730,2025-03-07,Davidfort,0
C1731,2025-01-25,East Laurenstad,0
C1732,2025-06-19,Charlesfort,0
C1733,2024-09-17,Lake Suzanneburgh,1
C1734,2024-11-26,Chanberg,1
C1735,2025-10-20,North Williamville,0
C1736,2025-09-03,Simmonsburgh,0
C1737,2025-05-14,Adrianafort,0
C1738,2025-08-13,Wardhaven,0
C1739,2024-05-22,Lake Kevin,0
C1740,2024-03-23,Michaelhaven,0
C1741,2025-05-24,Garciafurt,1
C1742,2024-06-29,West Tim,1
C1743,2025-11-28,Colemanton,0
C1744,2025-01-04,Sawyerton,0
C1745,2025-01-29,East Kaylamouth,1
C1746,2024-10-17,Davidbury,0
C1747,2024-12-22,Port Jamesfort,1
C1748,2024-11-04,South Brian,0
C1749,2025-01-08,Gonzalezside,1
C1750,2025-06-26,North Thomasburgh,0
C1751,2024-09-02,Johnside,1
C1752,2025-10-10,Charlesbury,1
C1753,2024-08-01,Walkerland,0
C1754,2024-06-27,North Micheleburgh,1
C1755,2025-02-22,West Pamelaburgh,1
C1756,2025-10-21,Morristown,0
C1757,2025-04-12,Barryfort,1
C1758,2025-10-28,Castroburgh,1
C1759,2025-05-30,New Brentshire,0
C1760,2025-12-27,Macdonaldfort,0
C1761,2025-02-26,Smithhaven,0
C1762,2025-12-04,South Johnburgh,0
C1763,2025-12-10,West Laurieborough,1
C1764,2025-05-12,Port Bianca,1
C1765,2025-03-30,Aaronside,0
C1766,2024-05-22,Lake Micheal,0
C1767,2024-03-21,Lake Janet,0
C1768,2024-10-05,Lake Dannyland,1
C1769,2025-03-13,East Morgan,0
C1770,2024-06-25,Ramirezland,1
C1771,2024-06-28,South Reneeton,1
C1772,2025-09-27,East Donaldton,0
C1773,2024-03-05,Sarahstad,0
C1774,2024-10-08,West Lori,1
C1775,2025-12-14,Port Brandon,1
C1776,2024-04-04,East Caitlin,1
C1777,2025-08-26,Kristymouth,1
C1778,2024-07-28,Christopherton,1
C1779,2024-05-18,East Christophertown,1
C1780,2025-10-03,Robertoland,0
C1781,2024-04-02,Beckmouth,0
C1782,2024-09-30,West Amanda,1
C1783,2025-02-05,Lake Courtneyberg,0
C1784,2024-09-11,New Jameshaven,0
C1785,2026-02-01,Brookeshire,1
C1786,2024-02-27,Lake Christian,0
C1787,2025-12-16,Hawkinsside,0
C1788,2025-04-20,Pearsonfort,0
C1789,2026-01-18,South Nathaniel,0
C1790,2024-10-01,Gentryberg,1
C1791,2025-01-29,Hunterchester,1
C1792,2025-03-01,Johnsonside,1
C1793,2025-10-11,Joshuaburgh,1
C1794,2026-01-04,Dylanton,0
C1795,2025-04-23,West Christopher,0
C1796,2025-06-16,Thompsonstad,1
C1797,2024-03-24,Morrisfurt,1
C1798,2025-03-08,New Teresashire,0
C1799,2024-08-15,Rhondaburgh,1
C1800,2025-07-20,South Kirstenmouth,0
C1801,2024-12-18,Lorifort,0
C1802,2025-03-23,North Nathanchester,0
C1803,2024-07-29,Port John,1
C1804,2025-01-09,Martinberg,0
C1805,2025-03-16,East Elijah,0
C1806,2024-06-13,Chaseshire,0
C1807,2024-10-11,Santanastad,0
C1808,2024-08-07,South Peter,0
C1809,2025-08-15,East Andrea,0
C1810,2024-05-29,West Nathan,1
C1811,2025-10-08,Moralesland,0
C1812,2025-02-05,Orozcohaven,0
C1813,2024-08-31,South Jeremybury,0
C1814,2026-02-06,Petersonland,1
C1815,2024-10-22,West Brandon,1
C1816,2024-10-26,Deniseside,0
C1817,2025-05-26,Stephanieton,0
C1818,2025-09-28,West Lisamouth,0
C1819,2024-07-19,Lake Dianeton,0
C1820,2025-11-24,East Daniel,1
C1821,2025-08-17,Roytown,0
C1822,2024-11-23,Tinahaven,1
C1823,2025-11-15,West Rhonda,1
C1824,2024-10-17,West Shannon,0
C1825,2024-12-07,New Deanna,1
C1826,2024-10-19,Randallview,0
C1827,2024-05-20,Mooretown,0
C1828,2024-05-27,Melendezbury,1
C1829,2025-08-01,Port Whitneyville,1
C1830,2025-01-06,Desireefort,1
C1831,2025-06-08,West Jerrymouth,0
C1832,2024-08-29,Susanmouth,0
C1833,2024-03-24,West Maria,1
C1834,2024-03-23,Buckleyborough,1
C1835,2024-11-22,East Charlesville,0
C1836,2024-10-08,Thomasshire,1
C1837,2025-06-09,Lake Emily,1
C1838,2025-01-23,Lake Brenda,1
C1839,2025-04-02,Port Julian,1
C1840,2025-01-27,West Angela,1
C1841,2024-03-01,New Sarafurt,0
C1842,2025-04-28,Hoganbury,1
C1843,2025-11-20,East Paul,1
C1844,2025-02-24,Marcchester,0
C1845,2024-07-31,Jeffreyfort,1
C1846,2025-02-05,Lake George,0
C1847,2024-04-27,Mcneilside,0
C1848,2024-11-01,Lake Chadside,1
C1849,2026-02-16,Port Shannonberg,0
C1850,2025-05-29,South Aliciahaven,1
C1851,2025-08-12,Port Dawntown,0
C1852,2024-03-27,New Tracyville,1
C1853,2025-06-25,Harriston,1
C1854,2024-04-20,Port Geraldfort,0
C1855,2025-09-26,North Katie,1
C1856,2025-04-16,Jenniferstad,0
C1857,2025-11-01,Wellsview,1
C1858,2025-10-21,North Wendy,0
C1859,2024-10-26,Andrewbury,1
C1860,2025-10-14,Douglasfurt,0
C1861,2025-08-11,South Timothyview,1
C1862,2024-07-25,Jacobston,1
C1863,2024-10-19,Karinaport,0
C1864,2025-06-26,New Dustinbury,0
C1865,2026-02-11,Eileenview,0
C1866,2025-11-26,Josephchester,1
C1867,2024-10-05,Lake David,1
C1868,2024-12-03,Mannfort,0
C1869,2024-06-03,Grahamchester,0
C1870,2024-05-09,Lake Andrea,0
C1871,2025-03-19,East Adam,0
C1872,2025-05-05,West Justin,1
C1873,2024-07-28,Lake Keithbury,0
C1874,2025-02-18,Rothhaven,1
C1875,2024-11-20,South Ralphfort,1
C1876,2024-08-13,South Daniellefort,0
C1877,2024-06-26,West Ashley,0
C1878,2025-07-14,Johnsonview,0
C1879,2025-01-02,Gloriamouth,0
C1880,2025-07-01,Williamburgh,1
C1881,2025-04-22,Lake Michelle,0
C1882,2025-09-05,Lindaberg,0
C1883,2025-12-27,Lake Benjamin,1
C1884,2024-11-29,Port Josephstad,0
C1885,2025-09-06,Sethfort,1
C1886,2024-12-27,Scottfort,1
C1887,2025-04-23,Salazarshire,1
C1888,2025-11-28,Jenniferfurt,1
C1889,2024-07-17,Beasleyland,1
C1890,2024-12-27,East Elizabeth,1
C1891,2024-12-29,Port Heatherberg,1
C1892,2025-10-14,New Davidland,1
C1893,2025-10-31,Scottton,1
C1894,2024-04-02,West Nathan,1
C1895,2024-03-29,Nunezburgh,0
C1896,2025-07-09,Jordanton,1
C1897,2025-10-24,Cummingsfurt,1
C1898,2025-08-21,Colemanland,0
C1899,2024-04-11,Cookefort,1
C1900,2024-08-05,East Barbara,1
C1901,2025-07-28,New Sarahview,1
C1902,2024-07-01,Georgeside,0
C1903,2024-11-09,North Johntown,0
C1904,2026-02-04,Carolynfort,0
C1905,2024-06-06,East Feliciaview,0
C1906,2025-11-15,Jeffreychester,1
C1907,2025-09-06,Hernandezhaven,1
C1908,2024-11-05,New Amberburgh,1
C1909,2025-06-02,Flemingshire,0
C1910,2024-12-26,Jonathanborough,0
C1911,2025-03-26,Hartberg,1
C1912,2024-03-24,South Brendan,0
C1913,2024-09-28,Lake Kayleemouth,1
C1914,2026-02-18,North Morgan,0
C1915,2024-08-01,Thomasville,1
C1916,2024-09-13,Shannonborough,1
C1917,2025-01-04,South Douglas,1
C1918,2024-05-31,Longchester,1
C1919,2026-02-13,Georgeland,1
C1920,2024-06-21,Lake Sergiochester,1
C1921,2025-04-16,North Philip,0
C1922,2025-09-30,Marshville,1
C1923,2025-09-18,Mathewsburgh,0
C1924,2025-10-25,Washingtonstad,0
C1925,2024-07-27,Mirandaburgh,1
C1926,2025-10-07,Philipstad,0
C1927,2025-01-16,Cookchester,0
C1928,2025-07-13,West Bethchester,0
C1929,2024-07-20,New Kayla,0
C1930,2025-10-22,Lake William,0
C1931,2026-02-16,Adamsshire,0
C1932,2024-03-20,South Johnville,1
C1933,2024-12-12,Weaverport,0
C1934,2025-10-24,Port Colleenfort,0
C1935,2025-01-04,Thompsonview,0
C1936,2025-06-30,Christinaport,0
C1937,2025-04-01,Donaldsonborough,0
C1938,2025-11-02,Loveview,0
C1939,2024-09-26,Lake John,1
C1940,2025-08-04,East Kayla,1
C1941,2024-05-06,South Samueltown,0
C1942,2025-09-22,Stacyport,1
C1943,2024-08-19,Port Nancy,1
C1944,2024-10-19,West Jacobburgh,0
C1945,2025-05-28,Kathyfort,0
C1946,2024-09-05,Markstad,1
C1947,2025-04-03,Dariustown,0
C1948,2025-08-28,South Jessica,0
C1949,2024-09-03,East Christopher,1
C1950,2025-07-03,North Sara,1
C1951,2025-08-06,Lake Dawn,0
C1952,2025-07-04,Watsonberg,1
C1953,2025-02-01,Gabrielaville,0
C1954,2026-02-02,New Matthewfort,0
C1955,2025-11-24,Port Douglasside,0
C1956,2024-09-20,Maryland,0
C1957,2025-07-09,Stoneville,0
C1958,2024-03-17,Aguilarview,0
C1959,2024-04-30,South Glendahaven,1
C1960,2025-05-10,West Margaretmouth,1
C1961,2025-06-28,Ashleyshire,1
C1962,2024-09-25,New Brianna,1
C1963,2024-09-01,Mossfort,0
C1964,2025-07-03,West Sandrafort,1
C1965,2025-02-18,South Randall,1
C1966,2025-02-09,New Lisashire,1
C1967,2025-10-12,Jeremymouth,0
C1968,2025-08-16,North Kathrynfort,0
C1969,2024-02-27,Taylorhaven,1
C1970,2024-10-20,New Ericshire,0
C1971,2025-08-06,Alexanderstad,0
C1972,2025-08-29,Lake Melissa,0
C1973,2024-05-07,East Elizabeth,1
C1974,2024-07-04,Moniquebury,1
C1975,2025-12-20,East Christopher,1
C1976,2025-03-30,South Victoriafort,1
C1977,2024-03-22,East Gary,0
C1978,2025-08-04,Lake Katherineberg,0
C1979,2026-01-06,Andersonfurt,0
C1980,2025-04-02,Blackbury,0
C1981,2025-04-18,Jessicachester,1
C1982,2024-03-06,New Stevenview,1
C1983,2025-12-30,Rickystad,1
C1984,2024-10-13,Contreraschester,0
C1985,2024-03-23,Port Patrick,0
C1986,2024-03-25,Maymouth,0
C1987,2025-11-14,Kendraberg,0
C1988,2025-08-12,Lynnberg,1
C1989,2025-04-27,Jacobsborough,1
C1990,2026-01-28,Davidside,0
C1991,2024-03-01,Port Kathyhaven,0
C1992,2026-02-23,Jamiemouth,1
C1993,2024-09-17,New Mollyshire,0
C1994,2025-07-02,Brianborough,0
C1995,2025-03-21,East Caitlin,1
C1996,2024-08-19,Johnsonstad,0
C1997,2024-03-29,Port Micheal,0
C1998,2025-10-21,Port Dustinland,0
C1999,2024-09-30,Danielhaven,1
C2000,2025-10-11,Woodwardstad,0
C2001,2024-09-19,Roblesside,1
C2002,2024-12-04,East Joshuaton,0
C2003,2024-10-07,Port Heather,0
C2004,2025-05-07,Matthewbury,1
C2005,2025-04-13,South Sarahfort,1
C2006,2026-01-16,South Carmen,1
C2007,2024-05-02,Andersonmouth,0
C2008,2025-06-14,Hayleyville,0
C2009,2025-10-03,West Ricardoview,1
C2010,2025-11-06,Johnsonton,0
C2011,2024-11-10,Lake Charles,0
C2012,2026-01-13,East Leslie,1
C2013,2024-10-15,East Janet,0
C2014,2025-03-17,Wrightshire,0
C2015,2025-04-12,Davidberg,1
C2016,2025-07-09,North Timothyshire,1
C2017,2024-04-29,West Sarahton,1
C2018,2024-10-21,Lake Jamiemouth,0
C2019,2024-04-09,Port Gregoryland,1
C2020,2025-05-18,Arellanomouth,1
C2021,2025-12-01,Simmonsside,1
C2022,2025-10-20,East Earlstad,0
C2023,2025-01-29,Hollystad,1
C2024,2026-01-01,Parrishshire,1
C2025,2025-12-29,North Veronica,1
C2026,2024-10-10,East Michael,0
C2027,2025-09-17,Lake Michaela,1
C2028,2025-11-02,Merrittbury,0
C2029,2025-02-19,New Mary,1
C2030,2025-09-24,New Elizabeth,0
C2031,2025-12-02,Bennetttown,0
C2032,2024-06-23,Ballborough,0
C2033,2025-11-22,North David,1
C2034,2024-04-02,North Steven,0
C2035,2024-08-19,East Ericport,1
C2036,2024-11-13,New Gregorystad,0
C2037,2024-10-27,East Patrick,1
C2038,2024-08-17,New Shelleyfort,1
C2039,2025-11-17,North Maria,1
C2040,2024-10-03,Lake Andrewchester,0
C2041,2025-06-30,North Timothy,0
C2042,2024-09-13,Port Paul,0
C2043,2025-01-04,South Heatherburgh,1
C2044,2024-05-01,North Michael,1
C2045,2024-05-25,Angelaburgh,1
C2046,2024-10-27,Port Vanessa,1
C2047,2025-02-18,Taylorchester,0
C2048,2024-06-28,South Christina,0
C2049,2024-05-30,Kingchester,0
C2050,2025-03-08,Lake Clinton,0
C2051,2025-08-22,North Mirandamouth,1
C2052,2024-11-08,East Julieview,1
C2053,2024-03-27,Hardymouth,1
C2054,2025-09-12,Port Cindy,0
C2055,2024-04-20,Lake Eileen,0
C2056,2024-09-13,Donaldmouth,0
C2057,2024-08-20,Wadeberg,1
C2058,2024-03-27,West Amandafurt,0
C2059,2025-04-03,North Karen,1
C2060,2024-07-02,Bowenport,1
C2061,2024-10-07,West Tracymouth,0
C2062,2025-07-23,Lake Cathytown,1
C2063,2024-12-08,Brittanyshire,1
C2064,2025-05-17,North Sandrastad,1
C2065,2025-05-24,Anthonychester,0
C2066,2025-03-28,Christianton,0
C2067,2025-04-06,West Linda,0
C2068,2026-01-23,East Isaacbury,1
C2069,2025-06-18,North Jenniferville,0
C2070,2025-11-21,North Jamesfort,0
C2071,2024-09-19,New Samuel,1
C2072,2024-03-18,South Jennifer,1
C2073,2025-12-16,Mossland,1
C2074,2025-12-21,New Todd,1
C2075,2025-07-05,Daisyton,0
C2076,2024-05-16,East Brandon,0
C2077,2024-10-11,Burkemouth,0
C2078,2024-10-16,Christinehaven,1
C2079,2024-08-13,North Katie,1
C2080,2025-02-28,South Laura,1
C2081,2024-12-15,Lake Juan,1
C2082,2025-01-05,South Elizabethburgh,1
C2083,2024-10-15,Macdonaldburgh,0
C2084,2024-08-01,South Cynthiaburgh,1
C2085,2024-04-08,Juarezshire,1
C2086,2025-12-09,Amystad,0
C2087,2024-07-16,Michaelfort,1
C2088,2025-11-17,Shariland,0
C2089,2024-04-16,Laurenmouth,1
C2090,2024-10-13,Lake Miranda,0
C2091,2025-06-22,Scottton,0
C2092,2025-02-13,Morganton,1
C2093,2024-10-24,Carlosmouth,0
C2094,2024-09-21,Elizabethburgh,1
C2095,2024-08-31,Port Faithmouth,1
C2096,2025-03-25,Lake Adammouth,1
C2097,2025-10-29,Catherineborough,1
C2098,2025-08-20,Susantown,1
C2099,2025-11-19,Baileychester,1
C2100,2024-09-23,North Tonya,1
C2101,2025-04-08,North Andrew,0
C2102,2024-12-13,North Stacytown,1
C2103,2025-04-25,Arielstad,1
C2104,2024-11-02,Ellisfurt,0
C2105,2024-02-28,South Ashley,1
C2106,2025-07-14,Lake Clifford,1
C2107,2025-06-25,Jayhaven,0
C2108,2024-12-30,New Lisaburgh,1
C2109,2024-12-13,Scottchester,1
C2110,2025-10-25,Lake Kathryn,1
C2111,2025-03-15,Camposstad,1
C2112,2024-06-09,Whitakerstad,0
C2113,2025-05-15,Virginiaport,1
C2114,2024-05-13,Curtisborough,1
C2115,2025-01-04,East Lucasstad,1
C2116,2024-08-04,Carlaberg,1
C2117,2025-12-30,Smithland,1
C2118,2025-04-21,Garciastad,0
C2119,2026-01-27,North Josephchester,0
C2120,2025-06-27,Ericksonburgh,0
C2121,2024-08-26,West Claytonfort,0
C2122,2024-10-03,Wilsontown,1
C2123,2024-04-07,New Ryan,0
C2124,2025-05-03,West Crystal,1
C2125,2025-11-28,Heathfurt,1
C2126,2025-11-15,Wendyport,0
C2127,2025-01-28,Reyeshaven,1
C2128,2024-07-20,Richardstad,1
C2129,2025-07-21,Banksbury,0
C2130,2025-10-22,Karlport,1
C2131,2024-12-23,Lake Deborahhaven,0
C2132,2025-05-24,Danielleshire,1
C2133,2025-07-31,Meltonstad,0
C2134,2024-12-02,North Nathan,1
C2135,2025-03-26,Lake Sheri,1
C2136,2026-01-13,Port Tracyfurt,0
C2137,2025-08-20,Nancymouth,1
C2138,2025-11-28,Adamside,1
C2139,2025-06-26,Ellistown,1
C2140,2025-05-03,Jacobshire,1
C2141,2025-05-27,New Rachelton,0
C2142,2025-09-13,Lake Nicoleshire,1
C2143,2026-01-25,Barrybury,0
C2144,2025-12-16,Amyside,0
C2145,2025-10-15,Port John,0
C2146,2024-12-19,Port Annafort,1
C2147,2025-01-08,North Karentown,0
C2148,2025-04-10,West Sharon,0
C2149,2024-12-03,Robinsonside,1
C2150,2026-01-08,South Patrick,1
C2151,2026-01-30,Erikaland,1
C2152,2025-10-09,Bakermouth,0
C2153,2025-04-29,Brandonview,0
C2154,2024-09-20,Lake Leah,0
C2155,2024-10-08,Andrewville,1
C2156,2025-10-28,South Beckyburgh,0
C2157,2024-09-14,South Jennyhaven,0
C2158,2024-09-15,Reedberg,1
C2159,2024-07-14,North Colleenberg,1
C2160,2024-07-12,North Samuel,1
C2161,2025-03-18,North Mike,1
C2162,2024-07-12,East Shawnburgh,0
C2163,2024-11-08,South Kevinshire,1
C2164,2025-08-25,West Alyssaville,0
C2165,2024-10-16,Port Philipbury,1
C2166,2025-04-06,New Jerryburgh,0
C2167,2024-11-29,Lake Scottshire,1
C2168,2025-04-09,East Nancy,1
C2169,2025-07-26,North Juan,0
C2170,2025-02-09,Lake Andreabury,0
C2171,2025-11-27,Transide,0
C2172,2025-10-09,West Shane,1
C2173,2025-08-20,South Christopherburgh,1
C2174,2025-05-19,South Markhaven,1
C2175,2025-03-15,East Jenniferhaven,1
C2176,2024-10-10,Smithton,0
C2177,2024-07-26,Guerreroshire,1
C2178,2024-05-02,Smithview,1
C2179,2025-11-17,Tanyaberg,1
C2180,2024-04-03,Timothymouth,0
C2181,2024-10-30,Aaronside,1
C2182,2025-11-17,Jamesport,1
C2183,2024-02-26,South Pedroborough,1
C2184,2024-08-06,Kellyhaven,0
C2185,2025-03-11,Danielmouth,1
C2186,2024-03-06,Jillianbury,0
C2187,2024-03-18,Griffinfort,0
C2188,2024-02-29,Smithside,0
C2189,2024-06-29,Port Jamesstad,1
C2190,2025-04-11,Amberstad,0
C2191,2026-02-01,Anthonyberg,0
C2192,2025-01-12,Leehaven,0
C2193,2024-12-30,East Richard,0
C2194,2025-12-09,New Dana,0
C2195,2024-05-13,North Rebecca,1
C2196,2025-12-01,East Lindsay,1
C2197,2024-08-01,Kelseyborough,1
C2198,2025-05-12,Anthonychester,0
C2199,2024-11-03,Smithburgh,1
C2200,2024-08-24,Port Penny,0
C2201,2025-11-19,West Garrett,0
C2202,2026-01-26,New Williamtown,1
C2203,2025-03-08,Colontown,1
C2204,2024-06-02,New Megan,0
C2205,2024-02-26,Jamesshire,0
C2206,2026-02-24,Samanthaside,1
C2207,2024-11-04,Lake Kristaborough,1
C2208,2025-06-22,Jessicaborough,1
C2209,2024-09-12,Victoriabury,0
C2210,2025-02-09,West Jasonside,0
C2211,2025-06-24,Mollyshire,0
C2212,2024-12-25,Lake Meganmouth,1
C2213,2025-09-04,Hannahton,0
C2214,2024-04-04,North Jeremy,0
C2215,2025-11-26,Moorehaven,0
C2216,2025-04-29,North Ronaldshire,1
C2217,2024-04-01,East Kimberly,1
C2218,2025-01-17,Timothyborough,0
C2219,2024-10-25,West Georgeside,1
C2220,2024-03-22,Port Adam,0
C2221,2025-09-23,West Andrewhaven,1
C2222,2025-11-06,North Nathanport,1
C2223,2025-05-18,East Ashley,1
C2224,2025-11-14,South Amberberg,1
C2225,2025-07-29,North Taylorville,1
C2226,2025-05-07,Michaelport,0
C2227,2025-08-20,Singhmouth,1
C2228,2024-11-28,Smithland,1
C2229,2024-04-04,Timothymouth,1
C2230,2025-07-22,East Rachel,0
C2231,2024-03-05,South Chad,1
C2232,2026-01-24,Michaeltown,0
C2233,2024-08-15,North Sarahchester,0
C2234,2024-08-20,New Julia,1
C2235,2025-08-05,Hendersonview,0
C2236,2025-02-10,Lake Chad,0
C2237,2025-11-27,Lake Jose,1
C2238,2024-05-19,Heatherburgh,0
C2239,2024-11-27,New Kimberlyland,0
C2240,2025-08-03,Lake James,1
C2241,2025-11-02,New Josephfurt,0
C2242,2024-10-14,West Daniel,1
C2243,2025-09-06,Kyleburgh,1
C2244,2024-05-27,West Mary,0
C2245,2025-07-29,Lake Jonathan,1
C2246,2025-02-13,West Meganview,1
C2247,2025-07-24,Tarachester,0
C2248,2024-08-05,New Andrewhaven,1
C2249,2025-11-04,Davidmouth,0
C2250,2024-11-12,New Angelafort,0
C2251,2025-10-24,New Timothy,1
C2252,2025-10-19,Lake Johnshire,1
C2253,2026-02-25,Johnsontown,0
C2254,2025-10-13,Melanieton,0
C2255,2025-04-12,North Danielleberg,1
C2256,2024-06-10,Jacobfort,1
C2257,2024-07-29,Deckerside,0
C2258,2024-11-27,Port Crystalborough,1
C2259,2024-06-09,Andreland,0
C2260,2025-12-13,Barneschester,1
C2261,2024-12-22,Timothyport,0
C2262,2025-01-21,Juliechester,0
C2263,2026-01-28,Katelynview,1
C2264,2024-07-06,Jilltown,1
C2265,2024-07-11,New Garyfurt,1
C2266,2025-12-31,East Andrew,1
C2267,2024-07-13,West Seanville,1
C2268,2025-07-09,Lisaview,1
C2269,2024-09-03,South Darrylburgh,1
C2270,2025-08-23,Edwardborough,0
C2271,2025-07-01,Valerieberg,0
C2272,2026-01-12,East Troy,0
C2273,2024-05-25,Olivertown,0
C2274,2025-05-02,Brownberg,1
C2275,2024-08-02,Westfort,0
C2276,2025-12-12,East Michael,1
C2277,2026-01-08,North Michaelside,0
C2278,2025-05-24,Carrollmouth,1
C2279,2025-04-15,Davisstad,0
C2280,2024-12-05,Stanleyburgh,1
C2281,2024-12-15,Derrickmouth,1
C2282,2024-06-07,New Tara,0
C2283,2024-07-15,Lake Michele,0
C2284,2024-10-24,Port Rebecca,1
C2285,2026-02-09,Reneefort,1
C2286,2024-06-29,Joshuashire,0
C2287,2024-10-10,South Bradley,1
C2288,2025-07-05,Elizabethmouth,0
C2289,2025-04-10,Cruzbury,1
C2290,2024-05-26,North Sheila,0
C2291,2025-02-09,North Nathan,0
C2292,2025-01-04,Christensenfort,1
C2293,2025-11-22,Clarkemouth,0
C2294,2024-06-09,Heatherton,1
C2295,2024-08-18,East Vicki,1
C2296,2024-06-13,West Nicholas,1
C2297,2026-01-15,Caitlintown,0
C2298,2024-06-19,New Adrianaburgh,1
C2299,2025-08-15,Emilystad,0
C2300,2025-12-04,New Seanside,0
C2301,2024-10-13,Harrisside,0
C2302,2025-11-14,North Kelliberg,1
C2303,2024-02-28,Christinafort,1
C2304,2024-08-18,West Douglasville,0
C2305,2025-04-04,Port Susanshire,0
C2306,2025-05-09,Lake Williammouth,0
C2307,2025-06-15,Scottfurt,0
C2308,2025-06-09,North Gary,0
C2309,2025-04-10,Jonesborough,1
C2310,2024-07-14,Sheppardtown,1
C2311,2024-12-03,West Stephaniebury,0
C2312,2026-02-04,Clarkstad,1
C2313,2025-11-22,South Kevin,1
C2314,2025-04-08,East Julie,1
C2315,2025-10-09,Wendybury,1
C2316,2024-11-13,South Alexandrafurt,0
C2317,2024-05-20,Port Thomasfort,0
C2318,2025-06-05,Lake Deborah,1
C2319,2024-05-30,North Garyton,0
C2320,2025-12-10,East Gracechester,1
C2321,2025-09-16,Port Meganstad,0
C2322,2025-03-27,Bradleyview,0
C2323,2025-10-15,East Miguel,0
C2324,2024-10-06,Lambertshire,0
C2325,2024-05-25,North Erichaven,1
C2326,2025-03-20,Vanessastad,0
C2327,2025-09-01,New Stephanieborough,1
C2328,2025-02-06,Tammyland,1
C2329,2025-02-09,South Nicolefort,0
C2330,2025-03-31,East Jennifer,1
C2331,2024-06-18,Kingberg,1
C2332,2024-08-19,Janicefort,1
C2333,2024-04-18,Wyattside,1
C2334,2024-06-20,Colemanberg,0
C2335,2025-08-09,Myersshire,0
C2336,2025-05-01,Lake Courtney,1
C2337,2026-01-28,Ryanmouth,1
C2338,2026-01-16,Joeborough,1
C2339,2025-11-12,North Peterport,1
C2340,2026-02-18,Cookberg,1
C2341,2024-07-12,Moorechester,1
C2342,2024-03-24,West Brandy,0
C2343,2025-02-05,Codyberg,0
C2344,2024-08-29,West Stacy,1
C2345,2025-10-03,Carlosberg,1
C2346,2024-10-26,Baileyland,0
C2347,2025-04-03,Julieville,1
C2348,2024-10-16,Thomasbury,0
C2349,2025-08-14,Ortegaberg,1
C2350,2025-12-17,North Stephaniechester,0
C2351,2024-02-28,New Destinyfort,1
C2352,2025-12-12,Mooreside,1
C2353,2025-03-18,Tinaview,1
C2354,2025-03-22,Port Scott,1
C2355,2024-10-26,Lake Christian,1
C2356,2025-10-21,Kristinberg,0
C2357,2024-08-14,East Heather,1
C2358,2025-08-11,New Tracyport,1
C2359,2024-03-21,Reynoldsmouth,0
C2360,2025-06-21,East Geraldfurt,0
C2361,2025-12-18,North Jennifer,0
C2362,2025-01-12,Port James,1
C2363,2024-03-14,Nathanburgh,0
C2364,2026-01-21,East Emilyland,0
C2365,2024-08-25,Mackenzieview,0
C2366,2026-02-04,Lake Dawnchester,1
C2367,2025-05-27,Christopherstad,1
C2368,2024-04-25,Blakechester,0
C2369,2025-10-04,Kimberlyville,1
C2370,2024-05-15,Sarahberg,0
C2371,2026-02-03,Michaelport,0
C2372,2025-03-03,West Erica,1
C2373,2025-01-24,Nortonside,0
C2374,2024-05-09,West Aaron,1
C2375,2024-07-16,Melissamouth,0
C2376,2025-07-26,Marioborough,1
C2377,2025-01-20,Port Travis,1
C2378,2025-12-26,West Karenview,0
C2379,2025-08-23,Kimland,1
C2380,2025-09-28,Danielshire,0
C2381,2025-08-11,South Katiehaven,0
C2382,2024-03-30,West Stacey,1
C2383,2025-05-16,Pamelaburgh,1
C2384,2026-02-22,Lindaport,0
C2385,2024-04-03,North Michael,1
C2386,2024-12-09,Katrinafort,0
C2387,2025-02-20,East Breannachester,0
C2388,2024-04-24,Kennethland,0
C2389,2024-10-04,Rossburgh,0
C2390,2025-05-10,Johnborough,1
C2391,2026-02-02,West Lisa,0
C2392,2025-09-08,Hillburgh,0
C2393,2024-03-06,Martinezbury,0
C2394,2026-02-07,Wilsonside,1
C2395,2024-07-01,Lake Benjamin,0
C2396,2025-11-25,Yatesmouth,0
C2397,2024-10-21,South Hannahville,1
C2398,2026-02-23,West Jackie,0
C2399,2025-02-02,Shelleybury,1
C2400,2024-06-15,West Adammouth,0
C2401,2025-11-11,North Antonio,1
C2402,2026-02-19,Ericport,0
C2403,2025-07-31,South Jeffrey,0
C2404,2024-07-28,West Jasonmouth,1
C2405,2025-02-17,Amandastad,0
C2406,2024-03-13,Joneston,0
C2407,2025-10-13,Garybury,0
C2408,2024-03-12,Dixonview,1
C2409,2024-12-26,North Anna,1
C2410,2024-12-15,Ellismouth,1
C2411,2024-12-01,Port Joanna,0
C2412,2025-08-04,North Johnborough,1
C2413,2025-11-24,Jessicabury,0
C2414,2025-01-14,West Regina,0
C2415,2025-02-07,Johnsonberg,0
C2416,2024-07-27,Earlborough,0
C2417,2026-02-10,Lucasfurt,0
C2418,2025-01-22,Nortonland,1
C2419,2025-02-23,Port Jeffreyton,1
C2420,2024-08-31,New Carlfort,0
C2421,2025-05-12,South Meganmouth,0
C2422,2025-05-22,Ryanview,1
C2423,2024-09-26,Tylerchester,1
C2424,2026-02-21,Villarrealmouth,0
C2425,2024-09-26,West Andrea,0
C2426,2024-08-28,East Danielbury,0
C2427,2025-10-09,Diazland,0
C2428,2024-09-15,Jeffreyberg,0
C2429,2024-09-09,Lake Jillberg,1
C2430,2024-09-21,Port Matthew,1
C2431,2025-10-02,Port Julianburgh,1
C2432,2024-05-10,Edwardsport,1
C2433,2025-06-05,North Amanda,0
C2434,2025-11-16,Deborahside,0
C2435,2025-02-02,Sanchezview,1
C2436,2024-10-30,Antonioside,0
C2437,2024-10-16,Andrewshaven,0
C2438,2024-05-06,Port Kimchester,1
C2439,2024-04-13,West Adam,0
C2440,2024-06-24,Robertfort,1
C2441,2024-08-30,Jacksonchester,0
C2442,2024-03-18,Millerchester,0
C2443,2024-08-24,Williamsstad,1
C2444,2024-09-09,Sarahborough,1
C2445,2024-11-13,Kellychester,0
C2446,2024-11-28,Cummingsburgh,0
C2447,2025-10-24,Robbinsland,1
C2448,2024-06-15,New Colleen,1
C2449,2025-07-25,Meyersfort,0
C2450,2024-08-03,Whiteland,0
C2451,2025-05-31,North Anthonytown,1
C2452,2025-03-09,Fisherside,0
C2453,2025-06-26,Patrickport,0
C2454,2024-07-11,Priceview,1
C2455,2024-06-11,North Williamberg,1
C2456,2024-11-17,Julieville,0
C2457,2025-03-09,East Ebony,1
C2458,2025-12-20,New Jonfort,1
C2459,2025-07-12,North Jenniferfort,1
C2460,2025-11-07,East Maryfort,0
C2461,2024-08-18,Lake James,1
C2462,2026-02-16,Christopherstad,0
C2463,2025-04-24,Meganville,0
C2464,2025-01-03,North Dannyfort,0
C2465,2024-08-08,North Ashley,0
C2466,2024-05-06,East Roger,1
C2467,2025-02-24,Mendozastad,0
C2468,2025-12-26,Lake Henrymouth,0
C2469,2025-11-17,Brianberg,0
C2470,2024-07-26,Port Micheal,1
C2471,2025-07-11,North Angela,1
C2472,2024-08-13,Hartberg,1
C2473,2024-07-10,Port Jose,1
C2474,2025-01-10,Fieldschester,1
C2475,2024-12-22,New Marcusview,0
C2476,2024-04-24,Port Daniel,0
C2477,2024-05-24,Port Elizabethberg,1
C2478,2025-06-19,Leonardside,0
C2479,2024-08-29,East Adamfort,1
C2480,2025-04-09,South Randy,0
C2481,2025-05-30,East Beth,0
C2482,2024-11-01,Portertown,0
C2483,2025-04-06,Hillberg,1
C2484,2025-07-25,Johnsonbury,1
C2485,2024-03-29,New Kim,0
C2486,2025-09-26,West Michaelhaven,1
C2487,2024-11-25,North Steven,1
C2488,2026-01-12,Garymouth,0
C2489,2024-12-02,Adamburgh,0
C2490,2024-09-13,North Lynn,0
C2491,2025-08-23,Gonzalezfurt,0
C2492,2024-07-11,Elizabethview,1
C2493,2025-09-07,Bennettmouth,0
C2494,2024-08-14,Jacquelineshire,1
C2495,2025-01-18,New Richardhaven,0
C2496,2025-08-20,Amandaborough,1
C2497,2025-03-10,Mindystad,0
C2498,2024-03-11,Heatherburgh,0
C2499,2025-06-27,South Stephenmouth,0
C2500,2025-09-12,Shellyton,0
C2501,2026-02-20,West Stephanie,0
C2502,2025-11-29,Johnsonville,0
C2503,2024-03-15,Lake Christinachester,1
C2504,2024-08-11,South Jose,1
C2505,2024-05-28,South Samuel,1
C2506,2026-02-13,South Tylerhaven,0
C2507,2024-12-23,East Tabithabury,1
C2508,2024-03-19,North Michelleburgh,0
C2509,2025-07-18,North Matthewmouth,1
C2510,2025-10-14,Port Michael,0
C2511,2024-08-17,Mikefurt,0
C2512,2026-02-10,Velezbury,1
C2513,2024-05-02,North Rebeccaview,1
C2514,2024-07-30,Robertton,1
C2515,2025-06-25,East Amy,0
C2516,2025-11-10,Lewisburgh,1
C2517,2024-11-29,Matthewsfort,0
C2518,2025-09-19,South Kylestad,1
C2519,2025-02-09,Anthonyborough,1
C2520,2026-01-20,Lake Craig,1
C2521,2025-08-16,West Dana,0
C2522,2024-12-05,Port Jaredside,1
C2523,2024-08-10,Natalieville,0
C2524,2024-05-09,Lake Felicia,1
C2525,2025-03-26,Goldenport,0
C2526,2025-03-31,Port Melissa,1
C2527,2024-04-30,Catherinemouth,0
C2528,2025-05-29,Port Brittany,0
C2529,2025-08-01,Brandonland,0
C2530,2024-04-25,Lake Jennifer,0
C2531,2024-10-17,Gabrielaside,0
C2532,2026-01-17,North Aaronbury,0
C2533,2024-07-09,Jacobborough,0
C2534,2024-10-10,Port Glenn,0
C2535,2025-04-19,West Nicholastown,1
C2536,2025-09-06,North Jeffrey,1
C2537,2024-11-15,Annaside,1
C2538,2026-02-25,South Juan,0
C2539,2024-06-16,Port Kimberlystad,0
C2540,2024-08-24,Amberport,0
C2541,2024-08-31,Mikeshire,1
C2542,2024-12-29,Horneborough,0
C2543,2024-12-08,East Lisa,1
C2544,2024-06-28,Thomasshire,0
C2545,2025-05-30,Martinezville,1
C2546,2024-10-29,Michaelmouth,1
C2547,2025-10-08,Harrisonstad,1
C2548,2024-11-21,Jasonport,0
C2549,2025-06-24,North Jasonmouth,1
C2550,2025-05-04,Yuberg,0
C2551,2025-04-24,New Stacie,0
C2552,2024-06-08,East Crystal,0
C2553,2026-02-04,East Colleen,0
C2554,2025-02-14,Jaredport,0
C2555,2025-05-28,Fryehaven,1
C2556,2025-02-01,North Jordanchester,0
C2557,2025-05-02,Port Angelaberg,1
C2558,2026-01-08,South Thomasbury,1
C2559,2025-01-21,Johnsonstad,1
C2560,2024-06-18,New Joshuashire,1
C2561,2025-07-07,Lake Joseph,0
C2562,2024-06-10,West Davidton,1
C2563,2026-01-23,North Stacey,0
C2564,2024-08-05,East Alyssa,1
C2565,2024-10-16,Ronaldshire,0
C2566,2024-07-28,North Christopher,1
C2567,2025-01-18,North Melissa,1
C2568,2025-05-23,East Ashley,0
C2569,2025-12-06,Lake Ashleyport,1
C2570,2025-10-20,North Josephport,1
C2571,2024-06-02,Russellbury,1
C2572,2025-08-01,Port Curtisfort,0
C2573,2026-02-21,West Joseph,0
C2574,2025-09-10,East Dennis,0
C2575,2024-11-23,Dawnfurt,0
C2576,2026-02-09,Cassidymouth,1
C2577,2025-05-04,North Williamport,0
C2578,2024-04-02,Anthonyton,0
C2579,2024-04-26,East Amber,1
C2580,2025-01-31,Danielsfurt,0
C2581,2024-06-13,East Hannah,1
C2582,2025-11-01,Whitefurt,0
C2583,2025-02-15,Annatown,1
C2584,2024-09-25,West Danielchester,1
C2585,2025-12-04,New Gregory,0
C2586,2024-04-17,West Shannon,0
C2587,2025-08-21,Port Daniel,0
C2588,2025-05-14,Ericview,1
C2589,2026-02-06,Kathyberg,1
C2590,2025-01-20,Jasonfurt,0
C2591,2025-02-17,Port Ethan,0
C2592,2025-10-02,New Alexandra,1
C2593,2024-12-02,Kempmouth,0
C2594,2025-12-15,Jamesborough,0
C2595,2026-01-01,Vaughanmouth,0
C2596,2024-11-14,Robertshaven,1
C2597,2024-07-15,Theresachester,1
C2598,2026-01-31,Melissafurt,1
C2599,2025-12-23,New Sarah,0
C2600,2025-04-22,Smithshire,0
C2601,2024-09-21,North Amanda,0
C2602,2025-07-09,Morrisburgh,1
C2603,2024-08-13,New Amy,0
C2604,2024-07-26,East Alextown,0
C2605,2024-12-03,Robertoshire,1
C2606,2025-03-13,North Aaronhaven,0
C2607,2025-02-15,Jacksonstad,0
C2608,2024-07-20,Jonestown,1
C2609,2024-09-02,Seanview,1
C2610,2024-07-07,Port Tinaview,1
C2611,2024-11-23,North Tina,1
C2612,2025-01-24,South Adrianaburgh,1
C2613,2025-08-09,Longside,1
C2614,2025-03-10,East Jenna,1
C2615,2025-11-27,Sarahchester,1
C2616,2025-06-12,Alexbury,0
C2617,2025-08-11,New Chelseatown,0
C2618,2024-11-22,Lake Amberville,0
C2619,2024-03-12,East Daniel,0
C2620,2024-10-13,Wellshaven,0
C2621,2024-03-27,North Maria,0
C2622,2024-07-10,Waltersborough,0
C2623,2025-04-01,Port Tracie,0
C2624,2024-06-22,North Rebeccachester,1
C2625,2025-08-09,Pricemouth,1
C2626,2025-10-28,North Stephanieview,1
C2627,2024-06-17,South Catherine,1
C2628,2024-06-19,Williamshire,0
C2629,2025-04-06,Johnmouth,1
C2630,2025-05-16,West Brian,0
C2631,2026-01-09,Pattonmouth,1
C2632,2025-03-11,Floresmouth,1
C2633,2025-04-17,South Johnside,1
C2634,2025-05-16,Frazierburgh,1
C2635,2025-09-27,New Marybury,0
C2636,2025-11-05,Christopherberg,0
C2637,2025-12-13,Port Todd,0
C2638,2024-03-29,Zunigaton,1
C2639,2024-03-19,West Laura,0
C2640,2024-09-30,North Kristi,0
C2641,2026-01-17,New Amanda,1
C2642,2026-02-19,Amberville,0
C2643,2024-12-01,Dickersonborough,0
C2644,2024-10-04,West Greg,0
C2645,2025-02-18,Jeffreybury,1
C2646,2024-07-03,West Lauraburgh,1
C2647,2025-06-09,Vegastad,0
C2648,2026-01-27,Johnsonburgh,1
C2649,2025-06-25,East Jamesland,1
C2650,2025-07-11,New Michaelmouth,0
C2651,2025-02-09,Deannaside,0
C2652,2024-11-11,East Alexanderfurt,1
C2653,2025-03-06,New Kenneth,1
C2654,2024-06-03,Romerochester,0
C2655,2025-07-13,East Pamela,0
C2656,2024-07-16,Lake Kaitlinville,1
C2657,2025-08-17,Mccoyborough,0
C2658,2024-08-16,Millerborough,0
C2659,2025-12-12,Foxborough,0
C2660,2024-06-15,Lake Jane,0
C2661,2025-04-01,Dalemouth,0
C2662,2025-08-02,Michaelport,0
C2663,2025-08-21,Sherryshire,0
C2664,2024-09-23,New Emily,0
C2665,2025-10-16,Lake Michaelfort,1
C2666,2025-04-10,Lake Melissashire,1
C2667,2024-04-03,Davisfurt,0
C2668,2025-04-08,Tinaborough,1
C2669,2024-03-29,North Seanfurt,0
C2670,2025-02-14,Port Michelle,0
C2671,2024-10-23,West Paige,0
C2672,2024-06-22,Dayhaven,0
C2673,2025-04-29,Tammystad,1
C2674,2025-11-30,North Jason,0
C2675,2025-11-28,Lake Jesse,0
C2676,2024-05-22,Port Reginaberg,1
C2677,2025-01-11,Port Jamesville,0
C2678,2024-10-20,Stephenside,0
C2679,2025-10-06,Fernandezburgh,1
C2680,2024-11-04,Cruzmouth,0
C2681,2025-04-18,Lake Mary,0
C2682,2025-04-11,Johnsonborough,1
C2683,2025-04-18,New Jessica,1
C2684,2025-10-06,Annetteton,1
C2685,2025-10-17,Lake Willie,0
C2686,2025-09-16,Coreyberg,1
C2687,2025-09-18,New Ryan,1
C2688,2026-01-24,North Joshuaview,0
C2689,2024-11-11,North Matthewside,1
C2690,2025-07-31,Annaview,0
C2691,2025-07-05,North Annefurt,0
C2692,2024-08-03,East Davidton,1
C2693,2025-10-30,Velazquezfurt,1
C2694,2024-03-18,Paynehaven,1
C2695,2025-09-17,Lake Larry,0
C2696,2025-10-23,West Alexis,0
C2697,2024-06-14,Lake Patrick,0
C2698,2024-12-04,Silvafort,1
C2699,2024-05-12,Lake Shaneville,1
C2700,2025-03-04,Lake Wesley,1
C2701,2024-07-29,Warnerport,1
C2702,2025-05-09,Lake Joelmouth,0
C2703,2025-11-18,Daychester,0
C2704,2025-06-24,Wardton,1
C2705,2025-12-13,Port Jessicaside,1
C2706,2025-06-11,East Isabella,0
C2707,2024-12-26,Lewisport,1
C2708,2024-07-13,North Jessicaberg,0
C2709,2025-11-08,Combsview,0
C2710,2026-02-13,Lake Richard,0
C2711,2025-01-16,South Lisaland,1
C2712,2026-02-23,Debraside,1
C2713,2025-09-28,Michaelland,1
C2714,2024-05-21,South Jessica,1
C2715,2025-01-30,West Misty,1
C2716,2025-03-31,New Johnhaven,1
C2717,2025-01-26,South Justinport,1
C2718,2024-08-23,Gonzalezside,1
C2719,2024-05-06,North Michelleshire,0
C2720,2025-09-20,Port Jacobstad,0
C2721,2025-12-05,New Dorishaven,1
C2722,2024-12-02,Fosterborough,0
C2723,2025-08-08,New Adam,0
C2724,2025-11-24,Brianport,1
C2725,2025-08-05,East Gary,0
C2726,2024-12-09,Connerfort,1
C2727,2025-04-29,Jacquelineside,1
C2728,2025-11-12,Natashabury,0
C2729,2024-06-17,West Davidmouth,0
C2730,2026-01-07,Port Gregory,0
C2731,2025-10-26,Mariamouth,0
C2732,2024-06-08,Simonmouth,0
C2733,2024-11-14,Lesterbury,1
C2734,2024-05-27,Mitchellport,0
C2735,2024-09-12,Michaelstad,0
C2736,2025-06-19,South Tyrone,1
C2737,2024-05-05,Dustinmouth,1
C2738,2025-06-09,Brandonbury,0
C2739,2024-09-22,North David,0
C2740,2025-06-14,Laraburgh,0
C2741,2025-06-11,Jenniferfurt,1
C2742,2025-12-24,Zimmermanville,1
C2743,2024-04-01,Smithburgh,0
C2744,2025-05-31,Washingtonshire,1
C2745,2024-10-15,Williamston,0
C2746,2024-05-07,Lake Courtneyport,0
C2747,2025-06-25,Heathermouth,1
C2748,2024-12-11,South Jasonborough,1
C2749,2024-07-02,Sanderstown,0
C2750,2024-06-28,Joshuaport,1
C2751,2025-08-30,Lake Sarahside,0
C2752,2024-08-24,Donaldshire,0
C2753,2025-04-28,Frederickfurt,0
C2754,2025-02-01,Flowersfurt,0
C2755,2025-07-25,Valenzuelaburgh,0
C2756,2025-05-29,Port Jessicamouth,0
C2757,2024-12-09,New Ashley,1
C2758,2024-11-01,North Jeffreyville,0
C2759,2025-03-14,Robertsland,1
C2760,2025-12-11,Mitchellberg,0
C2761,2025-10-28,Lake Brittany,0
C2762,2025-01-05,Lake Jenniferburgh,1
C2763,2024-03-05,North Jacqueline,0
C2764,2024-12-03,Kimberlyside,1
C2765,2025-05-27,Johnshire,0
C2766,2024-04-17,Douglasmouth,0
C2767,2025-06-04,Lake Edward,0
C2768,2024-10-07,Lake Anthonychester,0
C2769,2025-06-22,South Joel,0
C2770,2024-05-23,Coxfort,1
C2771,2024-05-14,North Martin,0
C2772,2025-09-19,Sotoview,1
C2773,2025-09-30,North Sean,1
C2774,2025-11-02,New Theresatown,0
C2775,2026-02-12,Port Hannah,1
C2776,2024-03-29,New Alexandra,1
C2777,2024-09-13,Richardborough,1
C2778,2024-10-06,Williammouth,0
C2779,2025-01-27,East Valerie,0
C2780,2025-08-16,Victortown,1
C2781,2025-01-20,Knightbury,1
C2782,2024-12-01,Brownfurt,1
C2783,2025-02-26,Griffinton,0
C2784,2025-06-15,Woodsbury,1
C2785,2025-06-20,Lake Joel,0
C2786,2026-01-01,Sandraside,0
C2787,2024-05-24,West Renee,1
C2788,2025-07-05,Jonborough,1
C2789,2025-06-08,Jasonborough,1
C2790,2024-06-30,Stewartchester,0
C2791,2024-07-12,New James,0
C2792,2024-07-09,South Sierra,0
C2793,2025-11-02,Schneiderborough,1
C2794,2024-09-30,Martinezfort,0
C2795,2026-01-28,East Aaronstad,0
C2796,2025-05-10,Port Robertland,1
C2797,2024-10-26,Palmerton,0
C2798,2024-10-31,East Coryborough,0
C2799,2024-12-09,Michaelchester,1
C2800,2025-06-24,Dennisview,0
C2801,2025-03-05,Coopermouth,1
C2802,2025-07-21,North Brittanyville,0
C2803,2024-07-16,Ellisport,0
C2804,2026-02-09,Atkinsonview,1
C2805,2025-12-30,East Sarahside,1
C2806,2024-06-21,Port Stacybury,0
C2807,2025-12-07,East Heatherside,0
C2808,2024-12-30,Terryside,1
C2809,2024-08-20,Morganside,1
C2810,2025-05-24,South Johntown,0
C2811,2024-04-24,Lake Julian,1
C2812,2025-04-29,Port Thomas,0
C2813,2024-04-26,West Stephanieburgh,0
C2814,2025-05-01,Joefort,0
C2815,2025-07-02,Port Nicole,1
C2816,2025-01-01,Hernandezhaven,1
C2817,2024-03-03,Braybury,0
C2818,2024-05-03,Vazquezport,0
C2819,2024-08-20,Autumnland,0
C2820,2026-01-22,Kennethview,1
C2821,2025-12-05,Lake Sarahtown,1
C2822,2025-06-08,Harmonfort,1
C2823,2024-12-04,North Brady,0
C2824,2024-07-06,North Codychester,1
C2825,2024-07-15,South Caitlinland,1
C2826,2024-10-30,West Lauren,1
C2827,2025-03-08,Caseyshire,1
C2828,2024-07-03,Christopherton,1
C2829,2025-05-12,Port Micheal,0
C2830,2024-12-04,Stephanietown,1
C2831,2025-05-18,New Amber,0
C2832,2025-07-15,Rachelfurt,0
C2833,2024-12-07,West David,1
C2834,2024-11-28,Timothytown,0
C2835,2024-08-24,Robertsside,0
C2836,2025-06-28,Yvonnefurt,1
C2837,2025-01-08,Davisburgh,0
C2838,2024-06-15,East Donaldfurt,1
C2839,2025-10-24,Ashleytown,1
C2840,2025-08-09,New Roberttown,0
C2841,2024-07-25,Douglasbury,0
C2842,2024-10-12,East Dominic,1
C2843,2025-08-28,Bryantburgh,0
C2844,2024-08-25,East Jordan,1
C2845,2025-11-21,South Paul,0
C2846,2026-02-02,South Ryan,0
C2847,2025-05-22,Port Steveland,0
C2848,2024-03-11,Beverlymouth,1
C2849,2025-06-13,East Alanfort,1
C2850,2025-09-21,Romeroside,0
C2851,2024-04-23,Smithside,1
C2852,2024-03-23,Petersbury,0
C2853,2025-03-12,Port Daniel,1
C2854,2025-08-20,West Rachelbury,0
C2855,2025-04-17,South Brandonmouth,0
C2856,2024-11-11,Lake Cassidymouth,0
C2857,2025-03-30,East Alexview,1
C2858,2026-02-07,Lake Brianborough,0
C2859,2024-05-23,Yvetteside,0
C2860,2025-07-26,Johnsonchester,1
C2861,2024-02-29,Lake Sandra,1
C2862,2024-10-24,North Julia,1
C2863,2025-12-10,Jeremytown,1
C2864,2025-08-30,West John,0
C2865,2024-06-18,North Willie,0
C2866,2024-03-27,Port Melodyshire,0
C2867,2025-06-15,Garzastad,1
C2868,2025-12-16,Port Lisa,1
C2869,2025-11-05,Lake Jacob,0
C2870,2025-11-07,Shelbytown,0
C2871,2024-07-16,North Andrew,1
C2872,2024-05-30,Leeland,0
C2873,2025-03-14,Carlosland,1
C2874,2025-08-14,Owenshire,0
C2875,2024-10-15,South Kristin,1
C2876,2024-11-18,Port Sherryhaven,1
C2877,2025-12-04,Lake Jennifer,0
C2878,2024-10-12,Lake Teresaport,0
C2879,2024-06-09,Nelsonfurt,0
C2880,2024-06-07,Kennedystad,0
C2881,2025-07-26,South Seanview,0
C2882,2026-01-02,Ortizchester,1
C2883,2024-06-20,South Steven,0
C2884,2025-11-02,Lake Adammouth,1
C2885,2025-10-09,Deborahbury,0
C2886,2025-09-05,Allentown,1
C2887,2024-06-06,New Cameron,1
C2888,2024-04-01,Andreabury,1
C2889,2025-12-05,Melindaland,1
C2890,2024-06-28,South Dawn,1
C2891,2025-09-07,Jeremychester,0
C2892,2024-09-04,Howardchester,1
C2893,2025-04-30,East Juliehaven,0
C2894,2024-10-03,Kevinfort,1
C2895,2024-04-14,Sellershaven,1
C2896,2025-05-15,Robertfort,1
C2897,2025-02-06,East Sydneystad,0
C2898,2024-10-31,Cochranhaven,1
C2899,2026-02-02,Jenniferbury,0
C2900,2024-05-17,North Matthewtown,1
C2901,2024-11-01,East Robertport,1
C2902,2025-03-17,Angelaville,1
C2903,2025-01-07,New Nicholas,1
C2904,2025-08-10,South Stephanieberg,0
C2905,2025-03-31,East Monicahaven,1
C2906,2024-06-29,Adrianatown,0
C2907,2024-04-30,South Michaelburgh,0
C2908,2026-01-25,South Michealburgh,0
C2909,2025-06-11,New Tina,0
C2910,2024-11-07,Allisonberg,1
C2911,2025-04-08,East Crystal,1
C2912,2025-04-24,North Robertoberg,0
C2913,2025-03-04,Zacharyland,0
C2914,2024-02-28,East Richard,1
C2915,2026-02-15,Clarkchester,1
C2916,2024-09-30,North Benjaminview,1
C2917,2024-04-27,Lake Amandaport,0
C2918,2024-05-18,South Cynthiatown,1
C2919,2024-03-30,Connerport,1
C2920,2024-05-15,Oliviahaven,0
C2921,2025-02-18,Kochberg,1
C2922,2024-10-25,New Claudiaside,0
C2923,2025-09-28,Rodneyside,0
C2924,2025-10-14,Lake Shelia,0
C2925,2024-04-13,Nguyenborough,1
C2926,2025-01-07,Garyhaven,0
C2927,2024-03-18,West Kim,0
C2928,2024-10-06,Shermanstad,0
C2929,2025-07-18,South Marisaborough,0
C2930,2025-12-17,North James,0
C2931,2024-10-04,Cainmouth,0
C2932,2024-04-30,East Kennethchester,1
C2933,2025-06-11,Jacksonshire,0
C2934,2025-11-22,East Emilybury,1
C2935,2025-10-12,North Jordanshire,0
C2936,2024-05-02,Glasstown,0
C2937,2025-10-04,Brandonville,1
C2938,2025-12-25,Biancaville,1
C2939,2025-11-04,Port Annshire,0
C2940,2025-01-16,West William,0
C2941,2025-12-22,South Ianstad,1
C2942,2024-10-19,East Annstad,1
C2943,2024-05-23,Nancybury,1
C2944,2025-07-07,Lake Robert,1
C2945,2024-09-09,Buchanantown,1
C2946,2025-05-13,Thomaston,0
C2947,2024-10-07,New Geraldmouth,1
C2948,2026-02-22,Port Carol,0
C2949,2024-04-17,Jasonchester,1
C2950,2024-04-17,North Jason,0
C2951,2025-05-15,Lake Kaylaview,0
C2952,2025-10-21,West Jenniferberg,0
C2953,2024-12-13,West Evan,0
C2954,2024-05-25,North Sallyville,0
C2955,2025-03-04,Lake Isaacbury,1
C2956,2025-09-28,New Rachel,1
C2957,2024-08-18,West Tiffany,1
C2958,2025-08-13,Lake Jared,1
C2959,2025-07-08,North Jacquelineport,1
C2960,2024-11-24,New Davidmouth,1
C2961,2026-01-29,East Pamela,1
C2962,2025-04-09,Washingtonburgh,0
C2963,2025-12-24,South Robert,0
C2964,2024-03-17,Juarezton,1
C2965,2025-07-15,Melanieberg,1
C2966,2025-10-24,Chandlerborough,0
C2967,2024-10-11,Lake Melissaport,1
C2968,2024-06-15,East Johnchester,0
C2969,2025-05-08,Jacksonland,1
C2970,2024-12-24,Lake Zacharymouth,1
C2971,2025-08-16,Parksberg,0
C2972,2025-02-02,Port Jennifer,0
C2973,2024-07-12,Kimberlyshire,1
C2974,2024-05-16,Huffside,1
C2975,2024-06-26,Michaelchester,1
C2976,2024-04-26,Markchester,0
C2977,2025-08-25,Sarahburgh,1
C2978,2025-09-25,New Curtisport,1
C2979,2025-10-14,Thompsonport,1
C2980,2024-07-07,Nicoleborough,1
C2981,2025-11-25,Carrmouth,1
C2982,2025-02-27,Marisaport,0
C2983,2024-10-28,Andersonhaven,0
C2984,2025-03-06,North Christopher,0
C2985,2024-04-04,Cherylville,1
C2986,2025-12-11,East Matthewbury,1
C2987,2024-11-09,Matthewfort,1
C2988,2025-04-28,Carrollberg,1
C2989,2025-03-11,Walkerfort,1
C2990,2026-01-28,Hensonhaven,0
C2991,2024-07-15,Brendaville,0
C2992,2024-03-17,New Michelletown,1
C2993,2025-07-22,Port Amandaton,0
C2994,2025-03-08,West Brittany,1
C2995,2024-09-12,Thomasview,1
C2996,2024-09-12,Lake Priscillabury,1
C2997,2025-03-11,East Leah,0
C2998,2025-12-05,Bensonport,0
C2999,2025-08-27,Timothyland,0
C3000,2025-09-07,Joshuaberg,1
